/*
 Navicat Premium Data Transfer

 Source Server         : locahost
 Source Server Type    : MySQL
 Source Server Version : 50731
 Source Host           : localhost:3306
 Source Schema         : news

 Target Server Type    : MySQL
 Target Server Version : 50731
 File Encoding         : 65001

 Date: 03/08/2024 01:59:58
*/

SET NAMES utf8mb4;
SET FOREIGN_KEY_CHECKS = 0;

-- ----------------------------
-- Table structure for t_comment_info
-- ----------------------------
DROP TABLE IF EXISTS `t_comment_info`;
CREATE TABLE `t_comment_info`  (
  `id` int(20) NOT NULL AUTO_INCREMENT,
  `content` text CHARACTER SET utf8mb4 COLLATE utf8mb4_bin NULL,
  `news_id` int(20) NULL DEFAULT NULL,
  `user_id` varchar(100) CHARACTER SET utf8 COLLATE utf8_general_ci NULL DEFAULT NULL,
  `user_name` varchar(255) CHARACTER SET utf8 COLLATE utf8_general_ci NULL DEFAULT NULL,
  `location_prov` varchar(255) CHARACTER SET utf8 COLLATE utf8_general_ci NULL DEFAULT NULL,
  `create_time` varchar(100) CHARACTER SET utf8 COLLATE utf8_general_ci NULL DEFAULT NULL,
  `location_city` varchar(255) CHARACTER SET utf8 COLLATE utf8_general_ci NULL DEFAULT NULL,
  `view_point_tags` varchar(600) CHARACTER SET utf8 COLLATE utf8_general_ci NULL DEFAULT NULL,
  `emo_tags` varchar(600) CHARACTER SET utf8 COLLATE utf8_general_ci NULL DEFAULT NULL,
  `content_tags` varchar(600) CHARACTER SET utf8 COLLATE utf8_general_ci NULL DEFAULT NULL,
  `zan_num` int(10) NULL DEFAULT NULL,
  `child_comment_num` int(10) NULL DEFAULT NULL,
  PRIMARY KEY (`id`) USING BTREE
) ENGINE = InnoDB AUTO_INCREMENT = 655 CHARACTER SET = utf8 COLLATE = utf8_general_ci ROW_FORMAT = DYNAMIC;

-- ----------------------------
-- Records of t_comment_info
-- ----------------------------
INSERT INTO `t_comment_info` VALUES (179, '国际朱，世界女排历史最佳主攻手之一', 409, '107939301747', '亲切水滴DIq', '吉林', '2022-12-07 23:50:42', '', '', '', '', 10, 0);
INSERT INTO `t_comment_info` VALUES (180, '郎平纵横排坛数十年，阅人无数，慧眼如炬，岂是津迷能懂的。', 409, '95854280772', '飞阿爸', '江苏', '2022-12-07 19:31:23', '', '', '', '', 16, 0);
INSERT INTO `t_comment_info` VALUES (181, '[耶][耶][祈祷][祈祷][祈祷][赞][赞][赞][喝彩]', 409, '89985737417', '执着的钢笔Mi', '山东', '2022-12-07 12:16:42', '', '', '', '', 14, 0);
INSERT INTO `t_comment_info` VALUES (182, '转发了', 410, '108313455627', '坦荡的钢琴8i4', '', '2023-08-30 13:06:07', '', '', '', '', 0, 0);
INSERT INTO `t_comment_info` VALUES (183, '转发了', 410, '3210167817863736', '缤纷漂流瓶Wu', '', '2023-08-22 16:35:24', '', '', '', '', 0, 0);
INSERT INTO `t_comment_info` VALUES (184, '最爱看朱婷打球，加油！', 411, '55625399191', '依依150876543', '陕西', '2022-10-31 08:03:28', '', '', '', '', 45, 0);
INSERT INTO `t_comment_info` VALUES (185, '教练保护朱婷！[赞][赞][赞]', 411, '4571463524', '58e65都戴过', '福建', '2022-10-31 12:08:51', '', '', '', '', 5, 0);
INSERT INTO `t_comment_info` VALUES (186, '王者即将归来', 411, '6103729707', 'Ethan79327046', '广东', '2022-10-30 15:27:19', '', '', '', '', 18, 1);
INSERT INTO `t_comment_info` VALUES (187, '不要把希望寄托给某一个人身上，地球上离了谁都照转！', 411, '9764042856', '自强不息饭团ku', '江苏', '2022-10-31 10:50:14', '', '', '', '', 1, 2);
INSERT INTO `t_comment_info` VALUES (188, '完全靠实力拼博出来的朱婷，真的伟大，希望朱婷健康，', 411, '3341935602', '心随婷行', '浙江', '2022-10-31 04:37:54', '', '', '', '', 12, 0);
INSERT INTO `t_comment_info` VALUES (189, '外国教练即使不要成绩，也首先设法保护队员。', 411, '11147593293', '潍坊秋白考试作文', '山东', '2022-10-30 18:34:11', '', '', '', '', 20, 0);
INSERT INTO `t_comment_info` VALUES (190, '期待婷宝雄风再现[赞][赞][赞]', 411, '3443321343315415', '用户明见10996039229', '河南', '2022-10-30 17:55:20', '', '', '', '', 21, 0);
INSERT INTO `t_comment_info` VALUES (191, '婷你', 411, '6480129257', '八爷爷爷爷', '山东', '2022-10-30 16:42:26', '', '', '', '', 13, 0);
INSERT INTO `t_comment_info` VALUES (192, '排球比赛一定会谁看情况的变化，谁時进行场上队员的调整、所以说全体队员都要有隨時上场的思想准备。', 411, '108110232996', '千福巷', '北京', '2022-10-30 23:16:31', '', '', '', '', 3, 0);
INSERT INTO `t_comment_info` VALUES (193, '朱婷在国内被挤出去了？悲哀啊。', 411, '109892307273', '成熟海浪iI', '广东', '2022-10-30 20:55:47', '', '', '', '', 1, 0);
INSERT INTO `t_comment_info` VALUES (194, '估计不复当年勇', 411, '1802843070400301', '顶级百灵鸟wk', '甘肃', '2022-11-01 20:04:46', '', '', '', '', 0, 0);
INSERT INTO `t_comment_info` VALUES (195, '这么碎动不动就泪目', 411, '3136267601847326', '用户无忧大叔', '广西', '2022-10-30 19:05:52', '', '', '', '', 0, 0);
INSERT INTO `t_comment_info` VALUES (196, '朱婷生日快乐[蛋糕][蛋糕][蛋糕][蛋糕][蛋糕][蛋糕]健健康康快快乐乐每一天', 412, '100853935414', '德才兼备云朵3tD', '河南', '2022-11-29 12:27:49', '', '', '', '', 11, 0);
INSERT INTO `t_comment_info` VALUES (197, '生日快乐', 412, '101791059067', '愉悦的生活家EH', '山东', '2022-11-29 11:58:35', '', '', '', '', 8, 0);
INSERT INTO `t_comment_info` VALUES (198, '我是来看评论的，如果婷队没受伤病影响，东奥不会如此，今天生日也不会这样，世态炎凉！', 412, '59132506441', '热心灯芯草', '湖北', '2022-11-29 13:28:40', '', '', '', '', 6, 0);
INSERT INTO `t_comment_info` VALUES (199, '朱婷生日快乐[玫瑰][玫瑰]', 412, '149952589474391', '用户1507467629837', '四川', '2022-11-29 21:10:31', '', '', '', '', 1, 0);
INSERT INTO `t_comment_info` VALUES (200, '几个月恢复出来打球，是坚强意志+痛苦段练出来的，因为我做了同样部位手术（国内医院）现在手都方便不了！', 413, '6973633249', '自在可乐6', '海南', '2022-11-05 18:53:40', '', '', '', '', 20, 0);
INSERT INTO `t_comment_info` VALUES (201, '充分说明朱婷所在俱乐部主教练在用人方面高出中国教练很多很多[赞][赞][赞]', 413, '63243739570', '彬彬有礼617', '天津', '2022-11-05 19:42:55', '', '', '', '', 25, 0);
INSERT INTO `t_comment_info` VALUES (202, '希望婷队在意大利健康快乐', 413, '6823834376', '不要被我的发型所迷惑', '天津', '2022-11-05 17:51:18', '', '', '', '', 13, 0);
INSERT INTO `t_comment_info` VALUES (203, '朱婷，你已为国家和团队争得了太多荣益，向你致敬！伤疼要养好再出来打球。否则国人会心痛你的。天佑排球女将朱婷！', 413, '110833867570', '聪明的葡萄RX2', '黑龙江', '2022-11-06 07:03:37', '', '', '', '', 16, 0);
INSERT INTO `t_comment_info` VALUES (204, '还是非常坚强！唯一的一个为排球而生的人——朱婷！', 413, '54780202017', '光明正义ajV', '山西', '2022-11-05 20:13:08', '', '', '', '', 12, 0);
INSERT INTO `t_comment_info` VALUES (205, '还是完全恢复在上场吧！耐心等待……', 413, '104177379301', '游戏小淋', '广西', '2022-11-06 10:34:51', '', '', '', '', 5, 0);
INSERT INTO `t_comment_info` VALUES (206, '还会打断，经不住高强度比赛[害羞]', 413, '103263757255', '高冷旭日hd', '陕西', '2022-12-09 21:11:03', '', '', '', '', 1, 0);
INSERT INTO `t_comment_info` VALUES (207, '[赞][赞][赞]', 413, '64300001007', '澄宝爱体育', '广东', '2022-11-06 07:47:15', '', '', '', '', 2, 0);
INSERT INTO `t_comment_info` VALUES (208, '心疼[流泪]', 413, '6040703617', '野渡无人77037396', '广东', '2022-11-05 19:19:26', '', '', '', '', 5, 1);
INSERT INTO `t_comment_info` VALUES (209, '希望朱婷不要着急，手腕恢复更重要！', 413, '1582921376597959', '德才兼备橘子zH', '北京', '2022-11-05 18:21:18', '', '', '', '', 35, 0);
INSERT INTO `t_comment_info` VALUES (210, '希望天佑朱婷伤势完全痊愈，早日配上中国女排的战袍为国效力争光。', 413, '52824142170', '四零后活在当下', '河南', '2022-11-06 01:21:11', '', '', '', '', 5, 0);
INSERT INTO `t_comment_info` VALUES (211, '心疼[流泪]', 413, '3844319737814868', '好学天空lU', '湖北', '2022-11-06 10:13:29', '', '', '', '', 1, 0);
INSERT INTO `t_comment_info` VALUES (212, '做好保护和防护', 413, '98428560650', '盛夏贝梦', '四川', '2022-11-05 19:22:52', '', '', '', '', 7, 0);
INSERT INTO `t_comment_info` VALUES (213, '不能急，慢慢来，期待朱婷重振雄风。', 413, '3153053804140312', '用户1061194635606', '湖南', '2022-11-06 10:27:23', '', '', '', '', 1, 0);
INSERT INTO `t_comment_info` VALUES (214, '[赞][赞][赞]', 413, '93374731268', '岁月静好空', '上海', '2022-11-06 14:41:25', '', '', '', '', 1, 0);
INSERT INTO `t_comment_info` VALUES (215, '心疼朱婷，永远支持她，永远支持郎平，永远支持中国女排。[心]', 414, '4142560058023691', '薇薇逛红尘', '', '2021-11-19 10:27:18', '', '', '', '', 933, 4);
INSERT INTO `t_comment_info` VALUES (216, '郎平永远是我们这一代的偶像。朱婷，也是非常优秀前途无量的女排队员，我力挺你哦，加油。[赞][赞][赞]', 414, '93259988223', '化茧成蝶之北京', '', '2021-11-19 10:28:45', '', '', '', '', 379, 2);
INSERT INTO `t_comment_info` VALUES (217, '每个人都要宽厚待人，运动员和教练都是人，任何人都不是常胜将军，要允许她们也有低谷期。支持大婷婷，支持郎导，永远爱你们，不管胜败！', 414, '98368580737', '雅青222', '', '2021-11-19 10:51:07', '', '', '', '', 288, 3);
INSERT INTO `t_comment_info` VALUES (218, '太喜欢朱婷了，打球的时候灵活，机智，发球稳准狠。人品也很棒。', 414, '54087150895', '竹之韵1602', '', '2021-11-19 09:50:01', '', '', '', '', 326, 4);
INSERT INTO `t_comment_info` VALUES (219, '朱婷高球商、高情商！中国女排的紫薇星，永远支持你[心][心][心]', 414, '4125017820373031', 'yyyys222', '', '2021-11-19 10:08:28', '', '', '', '', 222, 1);
INSERT INTO `t_comment_info` VALUES (220, '要允许运动员有低谷，支持朱婷！希望早日康复，重上战场，大杀四方！', 414, '6778106015', '古涯', '', '2021-11-20 05:30:15', '', '', '', '', 21, 6);
INSERT INTO `t_comment_info` VALUES (221, '喜欢朱婷，朴实，不骄不躁的打球风格。[赞][赞][赞]', 414, '1890770124051840', '犹未晚也', '', '2021-11-19 10:51:08', '', '', '', '', 52, 1);
INSERT INTO `t_comment_info` VALUES (222, '每个人都要宽厚待人，运动员和教练都是人，任何人都不是常胜将军，要允许她们也有低谷期。支持大婷婷，支持郎导，永远爱你们，不管胜败！太喜欢朱婷了，打球的时候灵活，机智，发球稳准狠。人品也很棒。[赞][比心]', 414, '51252812959', '凤传奇438', '', '2021-11-19 15:48:53', '', '', '', '', 60, 0);
INSERT INTO `t_comment_info` VALUES (223, '致敬女排！致敬郎导！致敬婷队！！！加油，我们永远是你们的粉丝！！！无论你们输赢！！！', 414, '72468887985', '爱管闲事儿的大神', '', '2021-11-19 21:42:02', '', '', '', '', 15, 0);
INSERT INTO `t_comment_info` VALUES (224, '胜败乃兵家常事，不能要求运动员总是处在高昂状态。朱婷为了排球受伤，付出了代价，心里很心疼她。她是好样的，准备治好伤继续为祖国女排拼搏，让人欣慰和感动！[比心][比心][比心]', 414, '2884758910548574', '竹报报竹', '', '2021-11-19 15:42:55', '', '', '', '', 13, 0);
INSERT INTO `t_comment_info` VALUES (225, '支持朱婷！支持国家队！加油女排', 414, '4490036498939741', '成熟咖啡p8', '', '2021-11-19 15:22:22', '', '', '', '', 36, 0);
INSERT INTO `t_comment_info` VALUES (226, '每个人都要宽厚待人，运动员和教练都是人，任何人都不是常胜将军，要允许她们也有低谷期。支持大婷婷，支持郎导，永远爱你们，不管胜败！加油！[赞][赞][赞][加油][加油][加油][玫瑰][玫瑰][玫瑰]', 414, '76441735052', '冬之华491', '', '2021-11-19 19:52:38', '', '', '', '', 4, 0);
INSERT INTO `t_comment_info` VALUES (227, '很喜欢朱婷，球场上霸气，女排需要你。', 414, '4054617186117111', '请记住我124', '', '2021-11-19 14:03:59', '', '', '', '', 20, 0);
INSERT INTO `t_comment_info` VALUES (228, '我真心的希望郎指导继续执教女排，希望朱婷早日恢复最佳状态，为中国女排争光。', 414, '6231038711', 'dongweishun', '', '2021-11-19 12:00:56', '', '', '', '', 11, 1);
INSERT INTO `t_comment_info` VALUES (229, '中国女排时代的偶像，支持朱婷。好好养伤，取得更好的成绩。[赞]', 414, '84570339910', '名人之路', '', '2021-11-20 07:41:23', '', '', '', '', 4, 0);
INSERT INTO `t_comment_info` VALUES (230, '永远支持女排、支持郎平、支持朱婷。', 414, '1195878675390120', '火山2552730992948', '', '2021-11-19 13:16:43', '', '', '', '', 5, 3);
INSERT INTO `t_comment_info` VALUES (231, '永远支持国家女排！女排就是一种精神！', 414, '2334989418235469', '9凡陌', '', '2021-11-19 14:59:18', '', '', '', '', 18, 0);
INSERT INTO `t_comment_info` VALUES (232, '双商都很高的运动员，永远支持朱婷，永远支持中国女排', 414, '1310222261944372', '云落处', '', '2021-11-19 15:24:13', '', '', '', '', 9, 0);
INSERT INTO `t_comment_info` VALUES (233, '朱婷挺你！更心疼郎导！', 414, '69694640788', '秋水伊人218195560', '', '2021-11-19 22:35:57', '', '', '', '', 5, 0);
INSERT INTO `t_comment_info` VALUES (234, '真诚平实又不乏机智！喜欢朱婷！支持她！', 414, '985635194671944', 'G否极泰来y', '', '2021-11-19 14:34:32', '', '', '', '', 10, 0);
INSERT INTO `t_comment_info` VALUES (235, '优秀的运动员！为你点赞！有格局', 414, '2788776497652030', '有一个好女儿', '', '2021-11-21 09:15:35', '', '', '', '', 2, 0);
INSERT INTO `t_comment_info` VALUES (236, '中华民族的好儿女！为朱婷点赞！', 414, '1328635709231460', '醉于美酒和诗中', '', '2021-11-19 10:34:39', '', '', '', '', 23, 0);
INSERT INTO `t_comment_info` VALUES (237, '永远支持中国女排，永远支持婷队！', 414, '1108770452408640', '用户风6381077001518', '', '2021-11-19 15:00:47', '', '', '', '', 12, 0);
INSERT INTO `t_comment_info` VALUES (238, '喜欢朱婷，期待女排再次崛起', 414, '51820318507', '梧桐66', '', '2021-11-20 07:23:09', '', '', '', '', 4, 0);
INSERT INTO `t_comment_info` VALUES (239, '中国女排精神鼓舞人心，支持女排！', 414, '50025094783', '迷路的鸽1', '', '2021-11-20 00:49:40', '', '', '', '', 4, 0);
INSERT INTO `t_comment_info` VALUES (240, '这是真实的朱婷，在场上努力拚博，生活中文静的女孩，永远支持你，愿你工作顺利，生活快乐，', 414, '2937548640378302', '只想静静地看书你和我', '', '2021-11-19 16:23:01', '', '', '', '', 5, 0);
INSERT INTO `t_comment_info` VALUES (241, '永远支持中国女排，永远支持婷队！加油！', 414, '4300899266867917', '智慧生活家x5', '', '2021-11-19 13:27:06', '', '', '', '', 5, 0);
INSERT INTO `t_comment_info` VALUES (242, '朱婷加油！中国女排加油！[赞][赞][赞]', 414, '13267070998', '呼幽泥', '', '2021-11-19 15:04:58', '', '', '', '', 8, 0);
INSERT INTO `t_comment_info` VALUES (243, '喜欢朱婷，喜欢女排，为她们点赞，永远支持她们', 414, '2032335092980068', '南城紫函', '', '2021-11-19 14:42:46', '', '', '', '', 8, 0);
INSERT INTO `t_comment_info` VALUES (244, '支持朱婷！心疼朱婷！', 414, '6243035121', '清烟陌寒789', '', '2021-11-19 15:44:09', '', '', '', '', 5, 0);
INSERT INTO `t_comment_info` VALUES (245, '朱婷最可爱之处是真诚真心地说话！', 414, '64265941680', '鸟客3f6X', '', '2021-11-19 15:00:33', '', '', '', '', 7, 0);
INSERT INTO `t_comment_info` VALUES (246, '朱婷很棒、为你点赞。', 414, '11722972062', '仙歌音', '', '2021-11-19 11:10:56', '', '', '', '', 7, 0);
INSERT INTO `t_comment_info` VALUES (247, '女排运动员加油！朱婷好样儿的[鼓掌][鼓掌][鼓掌]', 414, '4134595760233133', 'zl好好爱自己', '', '2021-11-19 12:17:51', '', '', '', '', 6, 0);
INSERT INTO `t_comment_info` VALUES (248, '女排精神会代代相传。', 414, '3759966836502359', '不断努力前行', '', '2021-11-19 15:02:49', '', '', '', '', 5, 0);
INSERT INTO `t_comment_info` VALUES (249, '喜欢朱婷，球技好，情商高，支持中国女排！', 414, '107751312040', '魏小闹1210', '', '2021-11-19 14:47:22', '', '', '', '', 8, 0);
INSERT INTO `t_comment_info` VALUES (250, '特别喜欢朱婷、喜欢女排姑娘，相信她们一定能重回巅峰[点亮平安灯][点亮平安灯][点亮平安灯]', 414, '53061516820', '史素平2', '', '2021-11-19 12:28:42', '', '', '', '', 27, 0);
INSERT INTO `t_comment_info` VALUES (251, '支持女排、支持郎平、支持朱婷。', 414, '100791037262', '欢快香瓜oR', '', '2021-11-19 13:43:55', '', '', '', '', 9, 0);
INSERT INTO `t_comment_info` VALUES (252, '喜欢中国女排，永远支持女排姑娘，为郎指导点赞，为她们点赞[赞]', 414, '93092184059', 'GM0416', '', '2021-11-19 14:26:15', '', '', '', '', 5, 0);
INSERT INTO `t_comment_info` VALUES (253, '中国女排是我的最爱。为女排的姑娘们加油[比心][比心][比心]', 414, '108309104430', '勇者平安168', '', '2021-11-21 05:41:58', '', '', '', '', 0, 0);
INSERT INTO `t_comment_info` VALUES (254, '朱婷，我们支持你，加油', 414, '3364131400587220', 'zvhfdbiu', '', '2021-11-20 08:44:45', '', '', '', '', 2, 0);
INSERT INTO `t_comment_info` VALUES (255, '喜欢看朱婷打球，球技好，头恼清醒。为郎指导点赞[赞][赞][赞]', 414, '110321720719', '橙子嘟嘟向日葵', '', '2021-11-19 11:07:08', '', '', '', '', 20, 0);
INSERT INTO `t_comment_info` VALUES (256, '祝福中国女排，打出好成绩！为国争光！[赞][赞][赞]', 414, '4134595760233133', 'zl好好爱自己', '', '2021-11-19 12:18:35', '', '', '', '', 6, 0);
INSERT INTO `t_comment_info` VALUES (257, '加油！朱婷！我们支持你！支持中国女排！不急！我们慢慢来！静待花开的过程也很美！', 414, '4406459449489960', '莲本无馨', '', '2021-11-19 13:57:45', '', '', '', '', 17, 0);
INSERT INTO `t_comment_info` VALUES (258, '为国争光的运动员，支持中国女排。', 414, '1697237190847245', '糊糊', '', '2021-11-19 15:14:15', '', '', '', '', 14, 0);
INSERT INTO `t_comment_info` VALUES (259, '永远支持中国女排，永远支持婷队！加油！', 414, '4498856357669815', '宜宾爷们5W6X', '', '2021-11-19 11:34:31', '', '', '', '', 46, 2);
INSERT INTO `t_comment_info` VALUES (260, '有智慧的朱婷 ，大婷 加油 [比心][比心][比心]', 414, '1961965862533279', '温柔漂流瓶5j', '', '2021-11-19 12:16:10', '', '', '', '', 5, 0);
INSERT INTO `t_comment_info` VALUES (261, '朱婷棒棒哒[赞][赞][赞]', 414, '3606034772405184', '可爱小喜3e4w', '', '2021-11-19 11:57:49', '', '', '', '', 9, 0);
INSERT INTO `t_comment_info` VALUES (262, '可以去意大利风生水起，就是不愿参加中国国家女排。', 415, '57303156724', '三园颐和', '北京', '2022-12-21 20:36:02', '', '', '', '', 5, 1);
INSERT INTO `t_comment_info` VALUES (263, '又不是为中国比赛，没意思！', 415, '3378116212829629', '很好哦', '广东', '2022-12-21 18:11:54', '', '', '', '', 6, 3);
INSERT INTO `t_comment_info` VALUES (264, '[鼓掌][鼓掌][鼓掌][鼓掌][鼓掌][鼓掌]', 415, '52446665773', '岭上果蔬', '河南', '2022-12-21 18:53:27', '', '', '', '', 4, 0);
INSERT INTO `t_comment_info` VALUES (265, '大婷永远是大婷！这个国际范总是精彩四溢！衷心祝福朱婷再接再厉，勇往直前！[赞][赞][赞][赞][赞][赞]', 415, '109593708667', '黑猫63328', '河南', '2022-12-21 15:47:39', '', '', '', '', 23, 2);
INSERT INTO `t_comment_info` VALUES (266, '为金钱打球，或是为自己打球我永远看不起她。不为国家而战才是人民尊敬！', 415, '6950090389', '秋寒幽梦', '河南', '2022-12-21 21:17:26', '', '', '', '', 1, 0);
INSERT INTO `t_comment_info` VALUES (267, '球迷想念大婷', 415, '55798284491', '怵怵6', '天津', '2022-12-21 17:59:46', '', '', '', '', 12, 0);
INSERT INTO `t_comment_info` VALUES (268, '祝贺你朱婷[赞][赞][赞]', 415, '962816063051102', '积极的努力的人', '河南', '2022-12-21 22:24:54', '', '', '', '', 7, 0);
INSERT INTO `t_comment_info` VALUES (269, '难怪女排世界大赛成绩下滑[捂脸][捂脸][捂脸]', 415, '5378134124', '归向大海5378134124', '上海', '2022-12-21 17:48:02', '', '', '', '', 3, 0);
INSERT INTO `t_comment_info` VALUES (270, '朱婷好样的，为中国女排联赛取得很多成绩！[祈祷][祈祷][祈祷][赞][赞][赞]', 415, '3192582001927549', '勇敢的清风ON', '浙江', '2022-12-21 21:45:57', '', '', '', '', 9, 0);
INSERT INTO `t_comment_info` VALUES (271, '恭喜朱婷[赞]', 415, '69465597960', '青春年少放声大笑', '广东', '2022-12-21 15:02:14', '', '', '', '', 17, 0);
INSERT INTO `t_comment_info` VALUES (272, '朱婷好样的[赞]', 415, '1903977887970221', '用户1973566912910', '安徽', '2022-12-21 22:17:04', '', '', '', '', 4, 0);
INSERT INTO `t_comment_info` VALUES (273, '恭喜朱婷继续努力加油！', 415, '102081070658', '热情溪水Lu', '甘肃', '2022-12-21 20:42:12', '', '', '', '', 7, 0);
INSERT INTO `t_comment_info` VALUES (274, '我的婷[赞][赞]', 415, '51269670192', '波波145252823', '广东', '2022-12-21 19:56:23', '', '', '', '', 7, 0);
INSERT INTO `t_comment_info` VALUES (275, '祝贺朱婷！中意排球文化交流的大使！', 415, '50381069870', '海纳百川Aayk', '北京', '2022-12-21 17:33:27', '', '', '', '', 24, 0);
INSERT INTO `t_comment_info` VALUES (276, '祝贺！', 415, '98200528756', '周先生54821', '湖北', '2022-12-21 21:43:39', '', '', '', '', 7, 0);
INSERT INTO `t_comment_info` VALUES (277, '[爱慕][爱慕][爱慕][祈祷][祈祷][祈祷][赞][赞][赞]', 415, '89985737417', '执着的钢笔Mi', '山东', '2022-12-21 21:36:27', '', '', '', '', 2, 0);
INSERT INTO `t_comment_info` VALUES (278, '上次我看了一篇报道，是中国驻意大利理事会发给朱婷的。', 415, '105186274928', 'liuj1an', '江苏', '2022-12-21 21:27:23', '', '', '', '', 4, 0);
INSERT INTO `t_comment_info` VALUES (279, '朱婷的出路是在国内，选择国外哪个俱乐部都是选错了路、事实会证明這一点，国外的一切努力，都是往弗心机。', 415, '108110232996', '千福巷', '北京', '2022-12-25 21:28:21', '', '', '', '', 1, 0);
INSERT INTO `t_comment_info` VALUES (280, '转发了', 415, '2519735018195911', '直率饺子rK', '', '2022-12-22 14:07:38', '', '', '', '', 1, 0);
INSERT INTO `t_comment_info` VALUES (281, '2023年9月才回归中国女排。', 416, '580972810863016', '幸运星球0w', '海南', '2023-02-01 16:41:04', '', '', '', '', 0, 0);
INSERT INTO `t_comment_info` VALUES (282, '钱重要', 416, '108116031321', '洒脱面条kn', '北京', '2023-02-02 13:03:12', '', '', '', '', 0, 0);
INSERT INTO `t_comment_info` VALUES (283, '教练太差', 416, '118348141561863', '清新鲸鱼dU', '贵州', '2023-02-02 10:33:39', '', '', '', '', 0, 0);
INSERT INTO `t_comment_info` VALUES (284, '确实酷炫狂霸拽！[赞][赞][赞][赞][玫瑰][玫瑰][玫瑰][玫瑰][玫瑰][玫瑰][玫瑰][玫瑰]', 417, '5496121825', '中国最美19', '', '2019-06-05 20:36:44', '', '', '', '', 7, 0);
INSERT INTO `t_comment_info` VALUES (285, '这就是我们的女排！这就是我们的女排精神！\n足球什么时候能如此呢？还是解散了吧！', 417, '107871466386', '忠哥说美食', '', '2019-06-06 10:31:26', '', '', '', '', 6, 1);
INSERT INTO `t_comment_info` VALUES (286, '什么时候男足也给我这感动，我都四十了，', 417, '5704500718', '热血青年阿勒泰3H4', '', '2019-06-05 16:47:13', '', '', '', '', 61, 26);
INSERT INTO `t_comment_info` VALUES (287, '中国人，就是这种骨气！', 417, '53372206292', 'F141885866', '', '2019-06-06 00:00:08', '', '', '', '', 5, 0);
INSERT INTO `t_comment_info` VALUES (288, '我现在不想说的是朱婷的实力，就想说当时有没有摄像头，放一放慢镜头，看看丁霞究竟触网没有？', 417, '92744412216', '万事如意12096', '', '2019-06-05 23:19:31', '', '', '', '', 376, 113);
INSERT INTO `t_comment_info` VALUES (289, '说什么都多余，朱婷好样的，中国队好样的', 417, '56962211399', '晴空150488451', '', '2019-06-06 22:19:20', '', '', '', '', 7, 0);
INSERT INTO `t_comment_info` VALUES (290, '男足懦懦的说……', 417, '4391121937', '超哥39887191', '', '2019-06-05 21:53:58', '', '', '', '', 12, 5);
INSERT INTO `t_comment_info` VALUES (291, '我就想知道她的手抬起来使劲打一下我的头，我还能不能自己把头安上', 417, '86192362697', '狂奔的蜗牛', '', '2019-06-05 18:50:23', '', '', '', '', 32, 12);
INSERT INTO `t_comment_info` VALUES (292, '不能指望股市和足球，只有女排！！！[赞][赞][赞]', 417, '110992621143', '德军', '', '2019-06-05 19:59:51', '', '', '', '', 15, 1);
INSERT INTO `t_comment_info` VALUES (293, '这就是实力中国女排，女排威武霸气，向女排致敬！男足能有女排一半的拼劲何愁不胜！为朱婷霸气点赞！', 417, '53227088877', '刘伟liu', '', '2019-06-06 00:10:58', '', '', '', '', 30, 0);
INSERT INTO `t_comment_info` VALUES (294, '今晚中国队对荷兰队，8点半开战，我会在现场为中国队加油!', 417, '6335514627', 'SuetyinMa', '', '2019-06-05 19:34:37', '', '', '', '', 11, 1);
INSERT INTO `t_comment_info` VALUES (295, '为女排点赞，为朱婷点赞，一句“拿回来”激荡着多少中国人的心，这样的场面让我为男足惭愧，我们男足什么时候就算输也能输出气势，也能让我们心里有点安慰。', 417, '3680647692', '快乐依21626476', '', '2019-06-06 11:08:26', '', '', '', '', 9, 1);
INSERT INTO `t_comment_info` VALUES (296, '国足看看，就要像朱婷这样霸气，把分拿回来，感谢朱婷为中国排球奉献精神，忘我精神，心中只有国家！致敬女排！', 417, '57365135250', '坦荡的星辰Mh', '', '2019-06-06 09:10:21', '', '', '', '', 79, 5);
INSERT INTO `t_comment_info` VALUES (297, '日本见一次，杀一次，朗平好样的，朱婷好样的，女排为你们骄傲', 417, '4482797770', 'LJ4210069369', '', '2019-06-05 19:35:57', '', '', '', '', 21, 0);
INSERT INTO `t_comment_info` VALUES (298, '看看人家女排，男足还能不能雄起[酷拽]', 417, '5732398800', '骑马找驴拉磨', '', '2019-06-06 06:52:39', '', '', '', '', 111, 15);
INSERT INTO `t_comment_info` VALUES (299, '朱婷我们河南人都爱你❤！', 417, '6151034370', '猫熊张', '', '2019-06-05 21:20:33', '', '', '', '', 43, 2);
INSERT INTO `t_comment_info` VALUES (300, '男足就缺这三字：拿回来！', 417, '53900106027', '不愿孤独0816', '', '2019-06-05 19:35:35', '', '', '', '', 10, 4);
INSERT INTO `t_comment_info` VALUES (301, '霸气！朱婷！', 417, '67342878273', '才高八斗辰星KY', '', '2019-06-06 11:29:41', '', '', '', '', 5, 0);
INSERT INTO `t_comment_info` VALUES (302, '朱婷威武[赞]中国女排当之无愧的骄傲', 417, '4173382977593038', '不凡山雀kPK', '', '2019-06-05 20:36:29', '', '', '', '', 19, 0);
INSERT INTO `t_comment_info` VALUES (303, '我大婷威武霸气', 417, '5501920998', '璇然璇然', '', '2019-06-05 19:17:14', '', '', '', '', 6, 0);
INSERT INTO `t_comment_info` VALUES (304, '为什么说女排威武霸气的时候，总有人拿男足来比较呢？那是一个档次的？男足只能说拿去吧！', 417, '3489349541', 'XHxyd', '', '2019-06-05 20:07:18', '', '', '', '', 901, 47);
INSERT INTO `t_comment_info` VALUES (305, '中国女排精神，我们的骄傲，加油，姑娘们', 417, '104566809656', '有趣的扑克jk', '', '2019-06-05 17:12:37', '', '', '', '', 28, 0);
INSERT INTO `t_comment_info` VALUES (306, '对意大利巴西说说试试[捂脸]', 417, '61232519679', '涛声依旧170697423', '', '2019-06-05 17:48:54', '', '', '', '', 2, 17);
INSERT INTO `t_comment_info` VALUES (307, '女排太张扬了[鼓掌]，男足都是“隐藏实力”[吐血]', 417, '4135513276', '飞云浪子', '', '2019-06-05 20:27:47', '', '', '', '', 250, 8);
INSERT INTO `t_comment_info` VALUES (308, '多么希望有生之年能看到国足也能这么霸气呀，我都接近五十岁了，看足球⚽️都没有眼泪了，心都死透透的了[笑哭][抓狂]', 417, '3160620786', '晒太阳的石头7581316', '', '2019-06-05 21:08:56', '', '', '', '', 15, 2);
INSERT INTO `t_comment_info` VALUES (309, '名师出高徒', 417, '6105701145', '一帆凡客', '', '2019-06-05 22:41:28', '', '', '', '', 43, 1);
INSERT INTO `t_comment_info` VALUES (310, '这句话，喊出了中华民族气魄，', 417, '2537295001429964', '黄鹤平安', '', '2019-06-05 19:18:21', '', '', '', '', 17, 0);
INSERT INTO `t_comment_info` VALUES (311, '朱婷，好样的！你身上充满了当女排精神！为你点赞！', 417, '52635926869', '汉之后裔', '', '2019-06-06 10:01:32', '', '', '', '', 17, 0);
INSERT INTO `t_comment_info` VALUES (312, '我的鸡皮疙瘩啊，一地一地的掉啊，简直了，就是个帅!', 417, '4536212064', '找回了自己很幸福', '', '2019-06-06 11:03:27', '', '', '', '', 5, 0);
INSERT INTO `t_comment_info` VALUES (313, '女排永远是中国的骄傲，男足永远是中国的软肋', 417, '95273722951', '余则成969', '', '2019-06-06 08:48:16', '', '', '', '', 49, 1);
INSERT INTO `t_comment_info` VALUES (314, '暴力重扣，拿回来，国家荣誉，女排精神，中国女排棒棒哒！', 417, '4186844256', '弥雅1314', '', '2019-06-06 08:04:16', '', '', '', '', 20, 0);
INSERT INTO `t_comment_info` VALUES (315, '泪目，为女排点赞。解散男足，消灭足协。', 417, '59201765556', '血刃2022', '', '2019-06-05 20:16:56', '', '', '', '', 14, 0);
INSERT INTO `t_comment_info` VALUES (316, '男足队员大声说，拿回来，把钱都拿回来！', 417, '106625860709', '没事偷着乐4580', '', '2019-06-05 21:01:04', '', '', '', '', 31, 1);
INSERT INTO `t_comment_info` VALUES (317, '勇敢坚强有毅力关键时刻力挽狂澜，这才是朱婷，这才是大将风范定海神针。朱婷好样的！', 417, '97218054716', '用户3452443155505', '', '2019-06-06 10:02:29', '', '', '', '', 17, 1);
INSERT INTO `t_comment_info` VALUES (318, '为朱婷点赞，一句“拿回来”激荡着多少中国人的心，这样的场面让我为男足惭愧，我们男足什么时候就算输也能输出气势，也能让我们心里有点安慰。', 417, '5885563299', '墨香旖旎', '', '2019-06-06 11:00:44', '', '', '', '', 14, 1);
INSERT INTO `t_comment_info` VALUES (319, '看的心潮澎湃，为女排点赞！', 417, '74064636754', 'Indirect755', '', '2019-06-05 19:48:24', '', '', '', '', 36, 0);
INSERT INTO `t_comment_info` VALUES (320, '榜样就在身边，中国男足好好学学吧，虽然是很久扶不上墙的烂泥巴', 417, '104013911059', '石狮五菱小货车', '', '2019-06-05 21:25:51', '', '', '', '', 15, 0);
INSERT INTO `t_comment_info` VALUES (321, '真棒', 417, '3365419337', 'JJ之由', '', '2019-06-05 22:02:34', '', '', '', '', 5, 0);
INSERT INTO `t_comment_info` VALUES (322, '永远支持中国女排，为中国女排加油呐喊，你们是中国人的骄傲！', 417, '5258356774', 'wxhnainnzdm', '', '2019-06-05 20:23:29', '', '', '', '', 44, 0);
INSERT INTO `t_comment_info` VALUES (323, '朱婷“拿回来”里面充满了自信，充满了霸气！好像看到了当年郎平的身影！祝贺女排取得了胜利[赞]也祝贺女排精神继续发扬光大！我们永远支持中国女排不管是成功还是挫折！！[赞][赞][赞][玫瑰][玫瑰][玫瑰]', 417, '108733550393', '吉祥', '', '2019-06-05 17:59:45', '', '', '', '', 564, 0);
INSERT INTO `t_comment_info` VALUES (324, '朱婷跳起重扣。日本队员一脸的绝望[笑哭]', 417, '58960528596', '021云淡风轻', '', '2019-06-05 20:21:47', '', '', '', '', 26, 0);
INSERT INTO `t_comment_info` VALUES (325, '霸气朱婷！血性朱婷！', 417, '78986090685', '独逍遥a', '', '2019-06-05 19:12:47', '', '', '', '', 26, 0);
INSERT INTO `t_comment_info` VALUES (326, '朱婷 为你骄傲', 417, '6526751238', '海94131741', '', '2019-06-06 12:20:52', '', '', '', '', 5, 0);
INSERT INTO `t_comment_info` VALUES (327, '向女排致敬！男足能有女排一半的拼劲何愁不胜。', 417, '62272821791', '顺7t1t', '', '2019-06-05 18:49:41', '', '', '', '', 151, 5);
INSERT INTO `t_comment_info` VALUES (328, '女排让人心血澎湃，看着霸气，心里舒坦。男足看了让人心灰意冷，看着窝心，心里堵得慌。', 417, '69701631669', '诺言成真1', '', '2019-06-05 19:54:09', '', '', '', '', 397, 6);
INSERT INTO `t_comment_info` VALUES (329, '拿回来不单一是比分，还有我们中国人威严和霸气，朱婷为你一句拿回，为你致敬为你点赞。', 417, '6247876069', '顽强糯米jJ', '', '2019-06-06 10:14:43', '', '', '', '', 25, 0);
INSERT INTO `t_comment_info` VALUES (330, '朱婷为什么近日才说伤情（郎平早说是郎平说）？除此之外，东奥失利队长责任是啥？难道报案告球迷就是队长责任吗？', 418, '97728237743', '分秒必争百灵鸟Gt', '', '2021-08-25 23:23:56', '', '', '', '', 2, 3);
INSERT INTO `t_comment_info` VALUES (331, '朱队能不能透露一下官司的进展情况？', 418, '108364853626', '以恶制恶以善报善', '', '2021-08-25 16:37:55', '', '', '', '', 9, 3);
INSERT INTO `t_comment_info` VALUES (332, '首场比赛感觉不行就应该自己别硬撑下去，这样既影响自己的身体又影响了全队的成绩。', 418, '52934140697', 'FENG昆', '', '2021-08-25 17:15:37', '', '', '', '', 7, 6);
INSERT INTO `t_comment_info` VALUES (333, '不用朱婷，上李盈盈，进前八没问题。确实要好好找原因。', 418, '413016828945751', '爱生活的缓步徐行', '', '2021-08-25 16:05:06', '', '', '', '', 5, 1);
INSERT INTO `t_comment_info` VALUES (334, '根本无法原谅，怎么解释也不行，有伤你就和教练讲清楚，不上场，其他队员会顶上，我们也不会输得那么离谱，好吗', 418, '2510903784254860', '自若精灵UR', '', '2021-08-25 17:29:33', '', '', '', '', 5, 2);
INSERT INTO `t_comment_info` VALUES (335, '期待大婷王者归来', 418, '61825140798', 'bbcabc', '', '2021-08-25 16:01:17', '', '', '', '', 55, 10);
INSERT INTO `t_comment_info` VALUES (336, '不能评价，会被锁定[捂脸]', 418, '22788470644', '西楚张', '', '2021-08-25 13:37:36', '', '', '', '', 20, 3);
INSERT INTO `t_comment_info` VALUES (337, '朱婷何时做手术不是朱婷能决定的。', 418, '51148396942', '正义凛然沙滩cG', '', '2021-08-25 15:38:51', '', '', '', '', 6, 2);
INSERT INTO `t_comment_info` VALUES (338, '不管多大牌，隐藏伤情对吗？', 418, '2875962292708606', '奋发有为花猫kW', '', '2021-08-25 18:51:22', '', '', '', '', 2, 1);
INSERT INTO `t_comment_info` VALUES (339, '还是太依赖朱婷了，朱婷一不下球，全对都慌了，没有人会打球了', 418, '5368989681', '秋之恋52188808', '', '2021-08-25 16:08:58', '', '', '', '', 41, 5);
INSERT INTO `t_comment_info` VALUES (340, '俄罗斯第4局赢那么多的情况下，最后输了比赛简直是见了鬼，你扣不了球，你有一传也行啊，有拦网也行啊。', 418, '5780948960', '小旭的日常', '', '2021-08-25 18:13:46', '', '', '', '', 7, 2);
INSERT INTO `t_comment_info` VALUES (341, '朱婷要从两年多来谈起，在天津两年联赛的表现，就不如人意。当时伤病如何', 418, '1275029723030520', '小船飘飘H3', '', '2021-08-25 17:09:27', '', '', '', '', 3, 1);
INSERT INTO `t_comment_info` VALUES (342, '不敢说，怕报警', 418, '4340487496405211', '雪菜肉丝', '', '2021-08-25 15:48:13', '', '', '', '', 15, 0);
INSERT INTO `t_comment_info` VALUES (343, '朱婷对土耳其手伤发作很简单的问题。第二场马上換人、问题就在这、力什么不換、任可输球也不換丨难道带的五个替补是参观团吗∴', 418, '3645604176332460', '自由风声uS', '', '2021-08-26 16:46:37', '', '', '', '', 1, 1);
INSERT INTO `t_comment_info` VALUES (344, '安心治病，从头再来，朱婷永远是最棒的。', 418, '6268758877', '河南大丈夫', '', '2021-08-25 17:20:20', '', '', '', '', 8, 0);
INSERT INTO `t_comment_info` VALUES (345, '恶人先告状', 418, '99293004349', '一七哥Udis', '', '2021-08-25 16:18:43', '', '', '', '', 4, 1);
INSERT INTO `t_comment_info` VALUES (346, '郎平要负责任的，第一场球一输，输的这么惨，应立即换人！太不果断了！', 418, '52697407095', '许国芬743', '', '2021-08-25 17:17:17', '', '', '', '', 5, 1);
INSERT INTO `t_comment_info` VALUES (347, '朱婷一定能王者归来！', 418, '66705152641', '长波紫外线', '', '2021-08-25 17:12:25', '', '', '', '', 7, 0);
INSERT INTO `t_comment_info` VALUES (348, '该报警时及时报警，\n要用法律武器保护\n自己，我坚决支持\n你大婷，希望你伤\n早日康复。[赞][赞][赞]', 418, '111640695824', '缘缘jnb', '', '2021-08-25 16:21:36', '', '', '', '', 9, 0);
INSERT INTO `t_comment_info` VALUES (349, '直面核心问题很难吗', 418, '95513972977', 'Charlotte316', '', '2021-08-25 23:24:50', '', '', '', '', 2, 1);
INSERT INTO `t_comment_info` VALUES (350, '“我们一直很积极地寻求最好的解决办法，调动出最好的状态和阵容来应战”朱婷的这句话不敢恭维。最好的状态最好的阵容打出这样的历史最差成绩，什么原因？不应该好好反省吗？', 418, '52800845752', 'zhongL139665506', '', '2021-08-25 19:34:45', '', '', '', '', 1, 1);
INSERT INTO `t_comment_info` VALUES (351, '竞技体育，胜王败寇', 418, '1758823228638051', '用户1670443718840', '', '2021-08-25 23:21:46', '', '', '', '', 1, 1);
INSERT INTO `t_comment_info` VALUES (352, '一定有人在撒谎', 418, '5837039078', '正能量帆船Xq', '', '2021-08-25 16:11:24', '', '', '', '', 6, 0);
INSERT INTO `t_comment_info` VALUES (353, '当时刘翔也是这样的，没办法只有上场。', 418, '16034623448', '与田', '', '2021-08-25 16:18:33', '', '', '', '', 9, 1);
INSERT INTO `t_comment_info` VALUES (354, '心疼朱婷，同时也相信朱婷一定会王者归来！我们会一如既往的支持中国女排支持朱婷。', 418, '110086599790', 'valeekxkl', '', '2021-08-25 16:37:20', '', '', '', '', 23, 0);
INSERT INTO `t_comment_info` VALUES (355, '朱婷赶紧手术，等待你满血归来。', 418, '55625399191', '依依150876543', '', '2021-08-25 21:55:30', '', '', '', '', 10, 0);
INSERT INTO `t_comment_info` VALUES (356, '女排是老郎太依赖朱儿，但关键时刻还是掉链子，之前各个媒体吹嘘的太凶，其实自身武功并没那么强，而女足是老贾太不依赖霜儿，一直强调球队不需要球星，但在比赛中恰恰是靠球星挽回点颜面，总结俩大球教练奥运之旅选拔队员和排兵布阵的共性就是一条道走到黑，不带拐弯滴！', 418, '55034423855', 'jzjmt', '', '2021-08-25 16:29:25', '', '', '', '', 5, 0);
INSERT INTO `t_comment_info` VALUES (357, '自己难道不知道伤的重不重？', 418, '2431739317459181', '热血青年吉恩2T0', '', '2021-08-26 04:07:11', '', '', '', '', 1, 0);
INSERT INTO `t_comment_info` VALUES (358, '手疼不疼，能不能打自己不知道？，怎么总是不能自圆其说呢？', 418, '5753619348', '唐工A', '', '2021-08-26 04:42:13', '', '', '', '', 2, 0);
INSERT INTO `t_comment_info` VALUES (359, '输了吧就找个理由，可以理解', 418, '96402482408344', '风姿卓越清风过山峰', '', '2021-08-25 16:03:59', '', '', '', '', 5, 0);
INSERT INTO `t_comment_info` VALUES (360, '每一次打弱队都打满全场，郎平什么意思，郎平觉得比别人聪明其实都明白。', 418, '103152582588', '简单菠萝Oe', '', '2021-08-26 10:06:58', '', '', '', '', 1, 0);
INSERT INTO `t_comment_info` VALUES (361, '这么严重了还上场干啥！', 418, '23472810655', '明月129158616', '', '2021-08-25 16:49:11', '', '', '', '', 2, 1);
INSERT INTO `t_comment_info` VALUES (362, '唉，又一个刘翔，赵蕊蕊', 418, '92328560925', '向阳雪未来', '', '2021-08-25 16:37:19', '', '', '', '', 5, 0);
INSERT INTO `t_comment_info` VALUES (363, '因伤状态下滑至少三年，怎就不彻底治疗呢？', 418, '6193066465', '高贵辰星xd', '', '2021-08-25 16:20:25', '', '', '', '', 6, 0);
INSERT INTO `t_comment_info` VALUES (364, '一万个没想到，去年看到朱婷联赛大力跳发，心想朱婷最后的发球短板也练出来了，真是全才啊，难道是昙花一现专打江苏？？？？', 418, '1736824679588222', '铿锵女排', '', '2021-08-25 22:34:37', '', '', '', '', 2, 0);
INSERT INTO `t_comment_info` VALUES (365, '队医害了朱婷，应该早早做手术，就是参加不了东京奥运会，也要先把手彻底治好。', 418, '5759675489', '外向帆船sj', '', '2021-08-26 00:33:26', '', '', '', '', 2, 0);
INSERT INTO `t_comment_info` VALUES (366, '还是缺乏对运动员的保护，所谓带伤上阵也要眼光远一点，在瓦基夫没有伤，回国怎么就伤重了。', 418, '50075318377', '流云流雨', '', '2021-08-25 16:56:31', '', '', '', '', 4, 0);
INSERT INTO `t_comment_info` VALUES (367, '说明队医对运动员的伤病估计不够充分，要引起高层重视。由此我想到郎导到美国动手术，在这方面我们国家要好好研究', 418, '4212935404555069', '幽默的时过境迁', '', '2021-08-25 16:24:31', '', '', '', '', 7, 0);
INSERT INTO `t_comment_info` VALUES (368, '换阵容啊，朱休息其她几个上也不会输这么残', 418, '6357358454', '真诚相待G7惨兮兮', '', '2021-08-25 17:25:09', '', '', '', '', 1, 1);
INSERT INTO `t_comment_info` VALUES (369, '有伤就不能打，更何况伤还不轻，带伤打那不是把人给毁了吗！', 418, '646121160712843', '我的心forever', '', '2021-08-25 16:53:46', '', '', '', '', 4, 0);
INSERT INTO `t_comment_info` VALUES (370, '更没想到朱婷因东奥会失利，而人设崩塌，跌下神坛！', 418, '2458102293083240', '直爽的坦荡不忘初心', '', '2021-08-26 18:47:06', '', '', '', '', 2, 0);
INSERT INTO `t_comment_info` VALUES (371, '赶紧治疗，期待王者归来！', 418, '105148240796', '砂子', '', '2021-08-25 16:49:53', '', '', '', '', 5, 0);
INSERT INTO `t_comment_info` VALUES (372, '伤病早治疗早恢复，健康才是最重要的，下一个奥运期待你王者归来！', 418, '111243877603', '乐天派海燕mr', '', '2021-08-25 17:17:34', '', '', '', '', 2, 0);
INSERT INTO `t_comment_info` VALUES (373, '我们等你王者归来！不管未来如何，你永远是中国女排队史上最闪耀的那颗星！加油，永远爱你，永远爱中国女排！', 418, '3843491815490941', '快乐上自习', '', '2021-08-25 18:01:32', '', '', '', '', 5, 0);
INSERT INTO `t_comment_info` VALUES (374, '赶紧手术', 418, '5852260947', '随性自由的圆月M', '', '2021-08-26 07:54:32', '', '', '', '', 2, 0);
INSERT INTO `t_comment_info` VALUES (375, '学学刘诗雯', 418, '69892225184', 'a信你所信a', '', '2021-08-25 23:29:28', '', '', '', '', 3, 0);
INSERT INTO `t_comment_info` VALUES (376, '好好养病', 418, '6085695906', '杨帆78468286', '', '2021-08-25 21:26:35', '', '', '', '', 2, 0);
INSERT INTO `t_comment_info` VALUES (377, '没有朱婷的中国女排只能是二流球队。只希望早日康复，王者归来。', 418, '70099517697', '手机用户70099517697', '', '2021-08-25 16:42:00', '', '', '', '', 2, 0);
INSERT INTO `t_comment_info` VALUES (378, '早点说实话早点做手术不就行了 非得成绩第一 摔了个大跟头才明白', 418, '55878003244', '远见卓识艺术家KU', '', '2021-08-25 16:37:23', '', '', '', '', 2, 0);
INSERT INTO `t_comment_info` VALUES (379, '建议，中国排球，不止排球，只要是国手，都要像姚明，朱婷一样，走出去，展现一下风采！李莹颖应该，龚向羽等也应该，只要有邀请，就《有请必应》……', 419, '69221441892', 'qzuser', '福建', '2022-11-09 10:51:21', '', '', '', '', 26, 4);
INSERT INTO `t_comment_info` VALUES (380, '打俱乐部比赛手不痛了？', 419, '272270322566286', '快乐博学风声fi', '浙江', '2022-11-09 00:44:41', '', '', '', '', 2, 3);
INSERT INTO `t_comment_info` VALUES (381, '只是在国外做了手腕的手术，度过恢复期，目前也不是每场都打满全场。而且还加入意甲联赛，拿到高额合同，边恢复边治疗边挣钱，有啥不好。朱婷还想为国出战两届奥运会。', 419, '57803577245', '杉林', '陕西', '2022-11-09 10:30:09', '', '', '', '', 13, 0);
INSERT INTO `t_comment_info` VALUES (382, '把最优秀的人都挤走了', 419, '69863278724', '星巴小克', '广东', '2022-11-09 02:10:30', '', '', '', '', 14, 2);
INSERT INTO `t_comment_info` VALUES (383, '可惜劲都用到意大利去了！', 419, '5456183270', 'Zongqian', '天津', '2022-11-08 19:42:40', '', '', '', '', 4, 8);
INSERT INTO `t_comment_info` VALUES (384, '受到意大利俱乐部、媒体和观众全方位的欢迎。', 419, '1169533926639799', '头条用户', '辽宁', '2022-11-09 04:54:33', '', '', '', '', 8, 0);
INSERT INTO `t_comment_info` VALUES (385, '朱婷加油', 419, '71014881198', '用户名功子歌', '北京', '2022-11-08 23:27:42', '', '', '', '', 14, 0);
INSERT INTO `t_comment_info` VALUES (386, '手伤还是要保护好………', 419, '103735002975', '梦幻山丘Rh', '湖南', '2022-11-08 16:23:53', '', '', '', '', 32, 1);
INSERT INTO `t_comment_info` VALUES (387, '看到越来越多的中国体育明星被世界认可，可喜可贺呀！', 419, '1881983341828259', 'TZL', '巴西', '2022-11-09 02:40:13', '', '', '', '', 10, 0);
INSERT INTO `t_comment_info` VALUES (388, '中国女排的队员也应该像朱婷一样出国打球，提升自己的实力，对国家队也有好处。', 419, '537013727017823', '智者糯米5N', '安徽', '2022-11-08 20:42:52', '', '', '', '', 18, 1);
INSERT INTO `t_comment_info` VALUES (389, '朗指导的功劳', 419, '59740062629', 'Quency3', '加拿大', '2022-12-06 04:12:14', '', '', '', '', 1, 0);
INSERT INTO `t_comment_info` VALUES (390, '走出去，是为了更好的未来，朱婷，加油！', 419, '104617175472', '天地宽广8011', '广西', '2022-11-09 15:26:23', '', '', '', '', 11, 0);
INSERT INTO `t_comment_info` VALUES (391, '目前中国球员有几个能被国外好的俱乐部有看中的？', 419, '58565427361', '山巅云海', '湖北', '2022-11-08 17:48:04', '', '', '', '', 29, 1);
INSERT INTO `t_comment_info` VALUES (392, '希望朱婷越来越好', 419, '6401229148', '斯斯158037284', '广西', '2022-11-08 20:43:54', '', '', '', '', 54, 0);
INSERT INTO `t_comment_info` VALUES (393, '对于中国女排球迷来说，这是最大的好消息！', 419, '93485912866', '翁守民', '广东', '2022-11-08 20:15:55', '', '', '', '', 41, 0);
INSERT INTO `t_comment_info` VALUES (394, '希望朱婷恢复到里约奥运会的水平', 419, '830855899528024', '马乔的尘封往事', '黑龙江', '2022-11-08 20:06:33', '', '', '', '', 33, 2);
INSERT INTO `t_comment_info` VALUES (395, '国手要走出国门段炼', 419, '12791291481', '猫猫影剧院', '浙江', '2022-11-09 06:09:08', '', '', '', '', 10, 0);
INSERT INTO `t_comment_info` VALUES (396, '比赛时间不友好', 419, '92299235754', '真诚菠萝eI', '浙江', '2022-11-08 19:05:00', '', '', '', '', 4, 1);
INSERT INTO `t_comment_info` VALUES (397, '如果有两至三名中国球员在欧美顶级联赛中效力并担当主力，才是中国女排重新崛起之时。', 419, '98050368343', '清闲的风声MOj', '天津', '2022-11-09 00:46:19', '', '', '', '', 20, 0);
INSERT INTO `t_comment_info` VALUES (398, '朱婷要注意', 419, '67248730769', '清闲的雪梨MF', '北京', '2022-11-13 18:20:23', '', '', '', '', 1, 1);
INSERT INTO `t_comment_info` VALUES (399, '关注了', 419, '52453986032', '正能量满格0', '河南', '2022-11-08 17:21:32', '', '', '', '', 8, 0);
INSERT INTO `t_comment_info` VALUES (400, '走出去，引进来，希望更多的中国女排运动员走出去，像袁心玥李盈盈等人……', 419, '110958173662', '橙人刈术', '北京', '2022-11-08 22:08:22', '', '', '', '', 9, 0);
INSERT INTO `t_comment_info` VALUES (401, '祝朱婷越来越好，加油婷女王[赞][赞][赞][玫瑰][玫瑰][玫瑰]', 419, '3900709259983587', '风趣水晶恋', '广东', '2022-11-08 19:35:16', '', '', '', '', 46, 0);
INSERT INTO `t_comment_info` VALUES (402, '国内联赛水平太低！', 419, '62538837600', '智者喜鹊iS', '浙江', '2022-12-13 07:25:24', '', '', '', '', 0, 0);
INSERT INTO `t_comment_info` VALUES (403, '斯坎迪奇如果拥有朱女王，龚大侠和袁大叫，那么奇冠就是十有九成', 419, '55011635803', '俊俏百灵鸟飞梦', '广东', '2022-11-09 20:33:56', '', '', '', '', 0, 0);
INSERT INTO `t_comment_info` VALUES (404, '[捂脸]', 419, '967222763465903', '用户1974618328536', '', '2022-11-08 23:16:51', '', '', '', '', 0, 0);
INSERT INTO `t_comment_info` VALUES (405, '看看三甲大医院每天排的长队就知道国人食品安全的问题。', 420, '2616475169594424', '自由的晚风H', '湖北', '2022-06-25 17:08:37', '', '', '', '', 99, 2);
INSERT INTO `t_comment_info` VALUES (406, '小时候吃的东西吃啥啥香，现在东西吃啥啥没味儿', 420, '4432827060591534', '完美奶茶Jn', '内蒙古', '2022-06-27 09:11:09', '', '', '', '', 8, 0);
INSERT INTO `t_comment_info` VALUES (407, '医疗、教育、食品安全[捂脸][捂脸]', 420, '2554918696397019', '正直暖阳Yk', '四川', '2022-06-25 20:07:10', '', '', '', '', 47, 1);
INSERT INTO `t_comment_info` VALUES (408, '钱使人们失去了良心～伤失了道德', 420, '8510015086', '当清136156478', '湖北', '2022-06-24 21:20:55', '', '', '', '', 135, 2);
INSERT INTO `t_comment_info` VALUES (409, '国家应该加大检测力度，多培养检测人员，剧毒农药限卖，等管理措施。', 420, '3284958430117332', '悠闲百灵鸟m0', '青海', '2022-06-26 22:06:15', '', '', '', '', 8, 0);
INSERT INTO `t_comment_info` VALUES (410, '好吃东西是有的！但是贪平的人多！所以就不买靓的吃！买垃圾食品来吃了！例如四十左右天的烧鸭，还有五十多天的激素鸡等！', 420, '681295311282836', '灵巧钢琴zM', '广东', '2022-06-26 22:18:34', '', '', '', '', 1, 3);
INSERT INTO `t_comment_info` VALUES (411, '食品安全检查，不能走过场，更不能一阵风似的就完了。', 420, '56007379990', '小鸟149145658', '重庆', '2022-06-25 17:55:50', '', '', '', '', 31, 0);
INSERT INTO `t_comment_info` VALUES (412, '人工费太高，', 420, '6439697126', '真诚风筝k3', '浙江', '2022-06-25 12:50:46', '', '', '', '', 14, 1);
INSERT INTO `t_comment_info` VALUES (413, '民强则国强，国人健康都没了，还谈什么？', 420, '65122213258', '云朵5531', '河北', '2022-06-26 19:29:52', '', '', '', '', 22, 0);
INSERT INTO `t_comment_info` VALUES (414, '食品安全问题严重是造成全民生病的根源。', 420, '5801153320', '公平民众', '湖南', '2023-07-11 10:31:22', '', '', '', '', 5, 0);
INSERT INTO `t_comment_info` VALUES (415, '吃的不一样!', 420, '102256715338', '活泼水滴yy', '河北', '2022-06-25 22:21:22', '', '', '', '', 8, 0);
INSERT INTO `t_comment_info` VALUES (416, '法律对食品添加剂的标准定得太低太低了', 420, '3409478290', '温暖青蛙', '天津', '2023-07-02 14:35:34', '', '', '', '', 2, 0);
INSERT INTO `t_comment_info` VALUES (417, '假冒太多了、要严查', 420, '1434197240325295', '老高', '山东', '2022-06-25 18:03:31', '', '', '', '', 10, 0);
INSERT INTO `t_comment_info` VALUES (418, '中国国情是刚吃饱肚子才几天，谈吃好可能还有很长的路要走。', 420, '7001929254', '淼鑫禅一', '甘肃', '2022-06-29 15:48:56', '', '', '', '', 3, 0);
INSERT INTO `t_comment_info` VALUES (419, '互相伤害啊', 420, '52929185583', '积木珠', '江苏', '2022-07-02 08:12:00', '', '', '', '', 3, 1);
INSERT INTO `t_comment_info` VALUES (420, '主要还是成本问题，老百姓宁肯毒死不能饿死。', 420, '111460396325', '啤酒vs蛤蜊', '山东', '2022-06-25 20:35:35', '', '', '', '', 1, 0);
INSERT INTO `t_comment_info` VALUES (421, '食品都安全了，医院就要叫惨了。', 420, '3548829776355491', '儒雅百灵鸟2S6', '广东', '2022-06-25 20:30:09', '', '', '', '', 7, 0);
INSERT INTO `t_comment_info` VALUES (422, '减少农资价格。减少中介环节。加强监管。加强追溯源。', 420, '68025994630', 'KLSH621', '上海', '2022-06-25 11:07:09', '', '', '', '', 14, 0);
INSERT INTO `t_comment_info` VALUES (423, '良心的医生良心话', 420, '66740335714', '兔子7Uil', '北京', '2022-06-25 18:53:47', '', '', '', '', 33, 0);
INSERT INTO `t_comment_info` VALUES (424, '都想追求利潤最大化', 420, '6041272668', '劍掃風煙', '陕西', '2022-06-25 16:46:00', '', '', '', '', 13, 0);
INSERT INTO `t_comment_info` VALUES (425, '食品安全是最基本的民生，这个问题解决不了，还谈什么？', 420, '62362678126', '高级蛋糕z', '北京', '2022-06-26 15:48:52', '', '', '', '', 18, 0);
INSERT INTO `t_comment_info` VALUES (426, '先解决人的素质再谈食品安全。', 420, '21936073620', '好好学180356598', '海南', '2022-06-27 18:08:05', '', '', '', '', 2, 0);
INSERT INTO `t_comment_info` VALUES (427, '人天生就是自私的本性，看怎么调动好了，真的希望吃的方面一定要处理好了，人命观天。', 420, '97075701414', '杨洪瑾', '天津', '2022-06-28 18:57:41', '', '', '', '', 4, 0);
INSERT INTO `t_comment_info` VALUES (428, '支持你！', 420, '61643330918', '洒脱小羊j40', '吉林', '2022-06-25 15:37:27', '', '', '', '', 6, 0);
INSERT INTO `t_comment_info` VALUES (429, '特别是学校食堂承包。这可是孩子们的事啊。', 420, '2079901303715576', '大气小羊Vd', '吉林', '2022-06-26 09:51:43', '', '', '', '', 1, 0);
INSERT INTO `t_comment_info` VALUES (430, '癌症太多了', 420, '85206844235', '端庄枫叶Gp8', '江苏', '2023-02-14 17:50:51', '', '', '', '', 4, 0);
INSERT INTO `t_comment_info` VALUES (431, '毒针是毒', 420, '4067818464612436', '东方的归来者', '广东', '2022-06-26 00:33:49', '', '', '', '', 2, 0);
INSERT INTO `t_comment_info` VALUES (432, '人口太多，内卷严重', 420, '13171606352', '可爱迁安ey', '广西', '2022-06-25 22:28:45', '', '', '', '', 2, 0);
INSERT INTO `t_comment_info` VALUES (433, '权责不严', 420, '92452815798', '财来平安喜乐', '福建', '2022-06-26 13:32:18', '', '', '', '', 4, 0);
INSERT INTO `t_comment_info` VALUES (434, '最根本的是什么？为什么不说明', 420, '1754430078194151', '千面如来7', '浙江', '2022-07-01 11:40:35', '', '', '', '', 3, 0);
INSERT INTO `t_comment_info` VALUES (435, '看看现在的小孩几个牙齿长的好的？', 420, '60451582453', '峰回路转老爷车', '福建', '2022-07-01 19:30:47', '', '', '', '', 1, 0);
INSERT INTO `t_comment_info` VALUES (436, '安全的蔬菜，食品成本较高，政府可以按价格，让老百姓自己选择', 420, '6815188760', '远见卓识海风n', '江苏', '2022-06-26 12:25:34', '', '', '', '', 1, 0);
INSERT INTO `t_comment_info` VALUES (437, '[赞]', 420, '58513504108', '星语一诺', '内蒙古', '2022-06-25 05:46:09', '', '', '', '', 4, 0);
INSERT INTO `t_comment_info` VALUES (438, '堪忧堪忧堪忧！', 420, '2119457211692685', '海虹梨花飘香', '上海', '2022-06-29 05:57:37', '', '', '', '', 2, 0);
INSERT INTO `t_comment_info` VALUES (439, '关键是惩罚力度不够', 420, '100866402887', '心怡港湾', '北京', '2022-07-01 06:46:47', '', '', '', '', 1, 0);
INSERT INTO `t_comment_info` VALUES (440, '全民举报食品安全问题的，给予高额奖励', 420, '58528534419', '奔跑154033', '河北', '2023-03-17 01:22:52', '', '', '', '', 0, 0);
INSERT INTO `t_comment_info` VALUES (441, '想当农民', 420, '12803000376', '胡杨249838091', '新疆', '2022-06-25 19:29:46', '', '', '', '', 1, 0);
INSERT INTO `t_comment_info` VALUES (442, '中国的食品安全任重道远。', 420, '110923262017', '奋发有为奶茶Js', '山东', '2022-12-09 10:49:05', '', '', '', '', 0, 0);
INSERT INTO `t_comment_info` VALUES (443, '以前我认为我的肠胃很好，直到最近一直烧心，去了医院才知道', 420, '518580018623800', '乱乱唱', '江苏', '2022-10-31 09:22:03', '', '', '', '', 0, 0);
INSERT INTO `t_comment_info` VALUES (444, '[赞][赞][赞][赞][赞][赞][比心][比心][比心][比心][比心][比心]', 420, '101285352790', '顽强微风nWe', '甘肃', '2022-06-26 18:27:51', '', '', '', '', 1, 0);
INSERT INTO `t_comment_info` VALUES (445, '哎！只能自己长知识去辨别那些是有毒的垃圾食品! 只能靠自己! [抠鼻][抠鼻][抠鼻]', 420, '4386446924', '专干无良无德之人', '天津', '2022-06-25 19:36:09', '', '', '', '', 0, 0);
INSERT INTO `t_comment_info` VALUES (446, '很值得一看', 420, '105698709522', '端庄橘子D', '河北', '2022-06-28 08:46:04', '', '', '', '', 1, 0);
INSERT INTO `t_comment_info` VALUES (447, '所以，说这些臭氧层子有啥用啊！', 420, '3984237873866519', '成熟饼干Wr', '内蒙古', '2022-06-25 21:46:22', '', '', '', '', 0, 0);
INSERT INTO `t_comment_info` VALUES (448, '发展中国家，相信政府，会越来越好', 420, '1728070090239084', '热情的微风吹过山巅', '湖南', '2022-06-27 08:22:36', '', '', '', '', 0, 0);
INSERT INTO `t_comment_info` VALUES (449, '舌尖上的安全，关注中国食品安全问题', 420, '109756955921', '走进舌尖上的安全', '', '2023-07-17 10:06:01', '', '', '', '', 0, 0);
INSERT INTO `t_comment_info` VALUES (450, '不是你撞的，你为什么要扶？', 420, '3258575372948003', '话脏理不脏', '浙江', '2022-11-16 09:25:13', '', '', '', '', 0, 0);
INSERT INTO `t_comment_info` VALUES (451, '支持食品安全法！', 420, '59983910986', 'sujun868', '安徽', '2023-03-25 20:59:45', '', '', '', '', 0, 0);
INSERT INTO `t_comment_info` VALUES (452, '全部都是 技术加狠活', 420, '92337951090', '洒脱的大中华', '湖南', '2023-06-21 03:18:10', '', '', '', '', 0, 0);
INSERT INTO `t_comment_info` VALUES (453, '谁说的这么严重？！', 420, '62417294450', '赤缘玉藏阁', '辽宁', '2022-06-26 10:53:56', '', '', '', '', 0, 0);
INSERT INTO `t_comment_info` VALUES (454, '主要还得靠法律，重罚，监督管理部门日常工作不到位', 421, '5847119701', '我要换个角度看世界', '陕西', '2023-03-18 22:44:49', '', '', '', '', 7, 0);
INSERT INTO `t_comment_info` VALUES (455, '食品安全!', 421, '4372079685939412', '自强不息光束iZ', '', '2023-06-29 07:47:56', '', '', '', '', 1, 0);
INSERT INTO `t_comment_info` VALUES (456, '希望大肚腩越来越少', 421, '104595952002', '用户名Yv姐', '湖南', '2023-04-18 13:04:04', '', '', '', '', 1, 0);
INSERT INTO `t_comment_info` VALUES (457, '@中国食品安全网', 421, '1754408361663595', '爱生活的糊塗', '', '2022-09-29 00:37:34', '', '', '', '', 0, 0);
INSERT INTO `t_comment_info` VALUES (458, '何时食品不再说绿色食品，全是绿色安全的。', 421, '50084529316', '柿叶正红', '陕西', '2023-03-05 19:52:20', '', '', '', '', 0, 0);
INSERT INTO `t_comment_info` VALUES (459, '转发了', 421, '104595952002', '用户名Yv姐', '', '2023-04-18 13:03:23', '', '', '', '', 0, 0);
INSERT INTO `t_comment_info` VALUES (460, '这个地方太黑了，我去买只龙虾，装箱的时候不光给我调包个死龙虾，还是空壳，由于太远就没去找，早就应该严惩严罚沈北雨润海鲜批发商户[酷拽]', 422, '206297033608411', '陆先生R', '辽宁', '2023-06-07 09:07:08', '', '', '', '', 1, 0);
INSERT INTO `t_comment_info` VALUES (461, '以抓环保的决心抓食品安全该多好啊', 422, '97515253308', '用户8546405934829', '', '2022-04-12 15:15:15', '', '', '', '', 2, 0);
INSERT INTO `t_comment_info` VALUES (462, '国家要加大食品安全 尤其网上卖假食品的太多了', 422, '111029352869', '1064660475', '', '2022-04-03 22:57:57', '', '', '', '', 2, 0);
INSERT INTO `t_comment_info` VALUES (463, '我现在烧菜就是尽可能减少添加剂的摄入，尽量在家烧饭吃，其中包括少量放或不放食用油，少盐，少糖，禁止鸡精味精，减少酱油，很少机会放蚝油，每天摄入的碳水化合物总共2－3两。提倡菜不要太好吃，烧菜先下菜后放油，烧菜不开大火，使用小火中火，米饭是用碗蒸饭，不用电饭煲。禁止油爆大蒜头，明确致癌物，我购买生鲜猪肉是上海第一食品商店爱森牌专柜，牛羊肉是上海牛羊肉公司，我购买熟菜半成品是上海老西门大富贵或者徐家汇专门店家，蔬菜是上海本地人自己种的卖给我，购买酸牛奶必须是上海光明的，调味品必须是超市里名牌的。以上我个人生活禁忌供大家参考，不必照搬。坦率讲，民工委员会保护不了我们了，消费者只有自己保护好自己。', 422, '382231149286707', '安徽甲鸟', '', '2022-02-04 23:29:07', '', '', '', '', 1, 0);
INSERT INTO `t_comment_info` VALUES (464, '抓紧猛查，食品不安全', 422, '3273238384', '发哥151792331', '', '2022-02-17 19:32:32', '', '', '', '', 2, 0);
INSERT INTO `t_comment_info` VALUES (465, '外卖安全', 422, '87194536152', '子夜POST', '', '2022-04-24 11:25:06', '', '', '', '', 1, 0);
INSERT INTO `t_comment_info` VALUES (466, '@中国食品安全网', 422, '1754408361663595', '爱生活的糊塗', '', '2022-09-29 00:37:53', '', '', '', '', 0, 0);
INSERT INTO `t_comment_info` VALUES (467, '最危险的时候', 422, '101906391012', '正大光明星空2d', '北京', '2022-09-26 12:23:16', '', '', '', '', 0, 0);
INSERT INTO `t_comment_info` VALUES (468, '要严查特别是食品厂和食品店，饭店和面食店等，一定要严查，吃出头发是经常的，还有蟑螂等', 422, '58935064768', '好学可乐2U', '', '2022-04-20 20:40:36', '', '', '', '', 0, 0);
INSERT INTO `t_comment_info` VALUES (469, '转发了', 422, '2115109918616024', '中安讯', '', '2022-01-07 18:36:25', '', '', '', '', 1, 0);
INSERT INTO `t_comment_info` VALUES (470, '转发了', 422, '85501989440', '洁萦', '', '2022-10-17 23:23:19', '', '', '', '', 0, 0);
INSERT INTO `t_comment_info` VALUES (471, '转发了', 422, '67023234990', '乌粱海', '', '2022-04-28 14:01:45', '', '', '', '', 0, 0);
INSERT INTO `t_comment_info` VALUES (472, '食品安全关系我们的未来', 423, '57918023597', '食安未来', '', '2021-01-04 13:57:42', '', '', '', '', 0, 0);
INSERT INTO `t_comment_info` VALUES (473, '携手共建食品安全食品安全事关群众的身体健康和生命安全，作为国家食品安全示范城市的受益者和参与者，应以主人翁的姿态积极支持，热情参与，学习食品安全常识，养成良好的食品消费习惯，让每一次消费都能成为对食品安全的把关和对食品生产经营者的监督。', 423, '474639523917956', '晴空灿烂呀', '', '2021-12-15 09:03:24', '', '', '', '', 0, 0);
INSERT INTO `t_comment_info` VALUES (474, '点赞了！', 423, '110456340779', '追梦人zml', '', '2021-08-27 07:39:46', '', '', '', '', 0, 0);
INSERT INTO `t_comment_info` VALUES (475, '转发了', 423, '99366936821', '胖苹果树', '', '2019-11-26 22:26:24', '', '', '', '', 0, 0);
INSERT INTO `t_comment_info` VALUES (476, '转发了', 423, '53220094363', '八姐', '', '2020-03-30 22:05:11', '', '', '', '', 0, 0);
INSERT INTO `t_comment_info` VALUES (477, '转发了', 423, '59489395368', '行走在人间的神祇', '', '2020-03-18 11:02:45', '', '', '', '', 0, 0);
INSERT INTO `t_comment_info` VALUES (478, '天价干燥剂，称重儿童食品，为什么干燥剂占快占到食品的一半份量了？\n这种儿童食品是称重销售的，每袋大约重91.3克，每公斤大约是11包，但是每袋里面的干燥剂就有39.3克，每公斤大约放干燥剂432克，顾客买1斤这种儿童食品，就有0.43斤干燥剂，这种儿童食品售价每斤11元，顾客买一斤11元这种儿童食品，干燥剂花4.73元，暴利！！！', 424, '2862750272599932', '清风随杨', '河南', '2023-02-24 19:52:14', '', '', '', '', 0, 0);
INSERT INTO `t_comment_info` VALUES (479, '转发了', 425, '88852513640', 'yUSuXiANG', '', '2023-05-26 09:08:12', '', '', '', '', 2, 0);
INSERT INTO `t_comment_info` VALUES (480, '转发了', 425, '3777539228318366', '喜庆奶茶吧', '', '2023-05-22 11:24:03', '', '', '', '', 0, 0);
INSERT INTO `t_comment_info` VALUES (481, '[赞][赞][赞]', 426, '59153450136', '上善若水11124', '甘肃', '2023-02-22 15:51:19', '', '', '', '', 1, 0);
INSERT INTO `t_comment_info` VALUES (482, '[赞]', 426, '3228603261657736', '谢平林', '甘肃', '2023-02-25 22:13:22', '', '', '', '', 0, 0);
INSERT INTO `t_comment_info` VALUES (483, '[赞]', 426, '122796500065214', '豆豆得自律', '甘肃', '2023-02-21 10:51:22', '', '', '', '', 0, 0);
INSERT INTO `t_comment_info` VALUES (484, '@中国食品安全网', 427, '1754408361663595', '爱生活的糊塗', '', '2022-09-29 00:38:44', '', '', '', '', 0, 0);
INSERT INTO `t_comment_info` VALUES (485, '国家早应该对食品问题要加大力度，保证每一个人都能吃到安全的饮食。', 428, '63212025340', '东方之珠83', '', '2021-07-26 08:32:25', '', '', '', '', 2, 0);
INSERT INTO `t_comment_info` VALUES (486, '转发了', 429, '62617952132', '用户6740928290824', '', '2020-12-01 21:59:20', '', '', '', '', 2, 0);
INSERT INTO `t_comment_info` VALUES (487, '转发了', 429, '107933845300', '用户107933845300', '', '2020-12-01 21:45:15', '', '', '', '', 2, 0);
INSERT INTO `t_comment_info` VALUES (488, '转发了', 429, '105492450007', '刘辉7476014725389', '', '2020-12-02 14:05:01', '', '', '', '', 2, 0);
INSERT INTO `t_comment_info` VALUES (489, '千万不要把冷链当作是食品安全的保护神，冷链只是一种保鲜保温的手段，面对耐低温的细菌，冷链反而会成为最好的载体，必须在进入冷链之前，采取消杀手段，过程监控追溯，食用时尽量熟食。', 430, '5965743838', '归山闲人', '', '2020-12-03 09:22:45', '', '', '', '', 0, 0);
INSERT INTO `t_comment_info` VALUES (490, '民以食为天，食品安全无小事', 431, '3267360199804680', '用户7659976186657', '黑龙江', '2022-09-18 12:38:26', '', '', '', '', 0, 0);
INSERT INTO `t_comment_info` VALUES (491, '底线什么标准', 432, '5847033598', '手机用户5847033598', '', '2020-09-24 07:43:02', '', '', '', '', 4, 2);
INSERT INTO `t_comment_info` VALUES (492, '时至当下，还存在如此严重的食品安全问题，管理者必须严惩，判刑开除公职决不能姑息！', 432, '6730348750', '南城老腰', '', '2020-09-24 08:43:52', '', '', '', '', 4, 0);
INSERT INTO `t_comment_info` VALUES (493, '应该加上香精，色素等问题。', 432, '59106266991', '可靠春风uQ', '', '2020-09-24 07:25:11', '', '', '', '', 3, 0);
INSERT INTO `t_comment_info` VALUES (494, '消费者还能放心什么', 432, '2576868710815087', '用户642062312509', '', '2020-09-24 08:11:25', '', '', '', '', 3, 0);
INSERT INTO `t_comment_info` VALUES (495, '希望食药监等有关部们一定要做好为终端客户把好关服好务！不能出了事情去罚終端！应该是通过台帐直接追到生产开发地！这样才能真正的做到以绝后患！！！有关部们好好想想！！', 432, '96558230121', '潇洒海浪0', '', '2020-09-24 08:23:50', '', '', '', '', 3, 0);
INSERT INTO `t_comment_info` VALUES (496, '出口到国外没有硫磺', 432, '2510874479428573', '用户8225799183672', '', '2020-09-24 08:10:17', '', '', '', '', 2, 0);
INSERT INTO `t_comment_info` VALUES (497, '最后防线是什么？', 432, '56422301418', '安静149359526', '', '2020-09-24 08:59:22', '', '', '', '', 1, 0);
INSERT INTO `t_comment_info` VALUES (498, '巳经用出最后防线几个字了，真不是几日之功！', 432, '14899173447', '亲切宇宙7x8', '', '2020-09-24 08:51:45', '', '', '', '', 0, 0);
INSERT INTO `t_comment_info` VALUES (499, '早已失手', 432, '76752993893', '66701650', '', '2020-09-24 17:26:07', '', '', '', '', 0, 0);
INSERT INTO `t_comment_info` VALUES (500, '都到了最后的防线了？！食品卫生安全问题事态严重！', 432, '7015644232', '哈咖宁', '', '2020-09-25 05:36:00', '', '', '', '', 0, 0);
INSERT INTO `t_comment_info` VALUES (501, '严厉打击欺诈消费者权益虚假广告！\n严厉打击非法传销非法会销乱象！', 433, '85257308108', '时光画板KX', '', '2021-04-26 18:50:56', '', '', '', '', 0, 0);
INSERT INTO `t_comment_info` VALUES (502, '转发了', 434, '52654748117', '农安发布', '', '2023-05-25 14:30:40', '', '', '', '', 0, 0);
INSERT INTO `t_comment_info` VALUES (503, '五大要点保你全家安全❗', 435, '62566354592', '黄氏养生', '', '2021-06-16 09:13:28', '', '', '', '', 1, 0);
INSERT INTO `t_comment_info` VALUES (504, '食品添加剂批发零售市场太多了赶紧管控，很多化工添加剂用在食品里面的。', 436, '53417363015', '兴化仔1', '云南', '2022-10-07 13:06:04', '', '', '', '', 0, 0);
INSERT INTO `t_comment_info` VALUES (505, '建设一批国际一流的食品安全技术支撑机构和重点实验室，加快引进培养高层次人才和高水平创新团队，重点突破“卡脖子”关键技术。', 436, '6929060791', '日月同辉zzm', '', '2019-05-22 07:43:56', '', '', '', '', 2, 0);
INSERT INTO `t_comment_info` VALUES (506, '多方面题高。', 436, '60925977958', '做人要有诚信。', '', '2019-05-21 12:59:19', '', '', '', '', 2, 0);
INSERT INTO `t_comment_info` VALUES (507, '涨知识了', 437, '97556030537', '小萌爱数学', '', '2020-10-23 14:10:47', '', '', '', '', 0, 0);
INSERT INTO `t_comment_info` VALUES (508, '转发了', 438, '96430949693', '风影9012', '', '2019-07-07 19:49:05', '', '', '', '', 0, 0);
INSERT INTO `t_comment_info` VALUES (509, '吸入性的应该是肺炭疽吧，肠炭疽才是经口感染吧。应该是打错了，麻烦您仔细查一查', 439, '23794687009', '仁爱天空Ot8', '', '2021-09-01 07:01:18', '', '', '', '', 0, 0);
INSERT INTO `t_comment_info` VALUES (510, '这个病毒怎么来的？要好好调查', 440, '1657708191955079', '河滨百姓', '', '2021-09-01 22:01:01', '', '', '', '', 30, 1);
INSERT INTO `t_comment_info` VALUES (511, '还是没说清楚大众怎么防', 440, '1601308163845183', '龙肘山柳溪', '', '2021-09-02 00:16:22', '', '', '', '', 6, 0);
INSERT INTO `t_comment_info` VALUES (512, '东西要煮熟吃，知道不', 440, '3069485558539757', 'Awesome不是肥猫', '', '2021-09-02 08:21:52', '', '', '', '', 4, 0);
INSERT INTO `t_comment_info` VALUES (513, '所有的疫病都让人闻风丧胆，我们要做的就是预防保护好自己，不该吃的不吃，不该干的不干，听医生话听国家话！', 440, '6958135660', '真与假的对立', '', '2021-09-01 19:16:36', '', '', '', '', 11, 0);
INSERT INTO `t_comment_info` VALUES (514, '我们这边有这种病例了，在国家的严格防控下，应该会控制住的。', 440, '52092160702', '阳光雨露花', '', '2021-09-02 11:19:52', '', '', '', '', 6, 0);
INSERT INTO `t_comment_info` VALUES (515, '感觉好可怕[恐惧]', 440, '2603231310519719', '四季如春', '', '2021-09-01 20:51:53', '', '', '', '', 1, 0);
INSERT INTO `t_comment_info` VALUES (516, '这个得重视', 440, '3425696090951763', 'Perfact007', '', '2021-09-01 15:26:43', '', '', '', '', 2, 0);
INSERT INTO `t_comment_info` VALUES (517, '谢谢分享，对这个病有所了解，很可怕。疫情还没过去，又出现了炭疽，好在我们国家在防疫方面非常重视，措施有效，早发现，及时采取措施，我们也要积极配合，勤洗手，戴口罩，做好个人防护，听指挥，不给国家和政府添乱。希望所有的疫情都赶紧过去。', 440, '3434501400703580', '用户9181675267361', '', '2021-09-01 21:19:09', '', '', '', '', 2, 0);
INSERT INTO `t_comment_info` VALUES (518, '埋汰痛苦高风险，恐怖至极。', 440, '106636564904', '嘻特乐', '', '2021-09-01 23:08:29', '', '', '', '', 1, 0);
INSERT INTO `t_comment_info` VALUES (519, '太谢谢，知道了好多，真的要注意保护自己', 440, '1257457180741374', '才发货复印机三四个', '', '2021-09-01 23:57:53', '', '', '', '', 1, 0);
INSERT INTO `t_comment_info` VALUES (520, '传染性严重吗', 440, '1935555673225518', '奇妙书签3A1', '', '2021-09-01 20:15:19', '', '', '', '', 1, 0);
INSERT INTO `t_comment_info` VALUES (521, '转发', 440, '4926251795', '太太乐629', '', '2021-09-01 12:52:22', '', '', '', '', 1, 0);
INSERT INTO `t_comment_info` VALUES (522, '认识一下烈性传染病——炭疽', 440, '62851970327', '悠悠飘远的云', '', '2021-09-02 13:22:46', '', '', '', '', 1, 0);
INSERT INTO `t_comment_info` VALUES (523, '喊我#你认为最帅的男星是谁# ！#退休以后的生活怎么安排最好# 卜#如果有后悔药，你要不要# ：； #什么原因让你下定决心减肥的# #如果有可能，你会养一只什么宠物# ：#如果有后悔药，你要不要# #为什么说辞职后不要回原单位工作# #为什么说辞职后不要回原单位工作# #有哪些你觉得惊艳的句子# [大笑][耶][耶][耶][耶][耶][爱慕][震惊][爱慕][呲牙][流泪][流泪][可爱][可爱][抠鼻]诱心J#人变老最明显的标志是什么# ：[大笑][可爱][大笑][困][笑哭][赞][流泪][可爱][可爱][可爱][可爱][可爱][笑哭][抠鼻]', 440, '66451004469', '文正205565084', '', '2021-09-01 14:59:45', '', '', '', '', 0, 0);
INSERT INTO `t_comment_info` VALUES (524, '现在什么病都有，而且都类似感冒，太可怕了', 440, '50244348081', '杨杨要得意', '', '2021-09-01 20:11:21', '', '', '', '', 0, 0);
INSERT INTO `t_comment_info` VALUES (525, '学习了！', 440, '95659757879', 'hxz平静', '', '2021-09-01 14:12:12', '', '', '', '', 0, 0);
INSERT INTO `t_comment_info` VALUES (526, '转发了', 440, '3571650892414039', '123', '', '2021-09-02 10:11:34', '', '', '', '', 25, 3);
INSERT INTO `t_comment_info` VALUES (527, '转发了', 440, '85271698869', '谁偷了朕的鱼', '', '2021-09-01 17:12:02', '', '', '', '', 1, 0);
INSERT INTO `t_comment_info` VALUES (528, '转发了', 440, '59623685375', '超新星143', '', '2021-09-01 18:31:24', '', '', '', '', 1, 0);
INSERT INTO `t_comment_info` VALUES (529, '转发了', 440, '103002782237', '蓝兔兔QVQ', '', '2021-09-01 19:54:09', '', '', '', '', 0, 0);
INSERT INTO `t_comment_info` VALUES (530, '转发了', 440, '65776947220', '没有永远', '', '2021-09-02 06:23:23', '', '', '', '', 0, 0);
INSERT INTO `t_comment_info` VALUES (531, '转发了', 440, '85641349774', '灰太狼68820', '', '2021-09-02 02:15:12', '', '', '', '', 0, 0);
INSERT INTO `t_comment_info` VALUES (532, '转发了', 440, '3148657377942663', '好学风铃0Y天', '', '2021-09-02 09:21:59', '', '', '', '', 0, 0);
INSERT INTO `t_comment_info` VALUES (533, '转发了', 440, '7720239918', '海边听涛142784512', '', '2021-09-02 08:33:11', '', '', '', '', 0, 0);
INSERT INTO `t_comment_info` VALUES (534, '转发了', 440, '57282508197', '平安顺遂151165442', '', '2021-09-01 18:03:25', '', '', '', '', 0, 0);
INSERT INTO `t_comment_info` VALUES (535, '转发了', 440, '4003043944', '兜兜转转D', '', '2021-09-01 14:56:33', '', '', '', '', 0, 0);
INSERT INTO `t_comment_info` VALUES (536, '转发了', 440, '1808764931', '小雨0126¹⁰⁰⁵', '', '2021-09-02 11:24:31', '', '', '', '', 0, 0);
INSERT INTO `t_comment_info` VALUES (537, '转发了', 440, '85641349774', '灰太狼68820', '', '2021-09-02 02:13:35', '', '', '', '', 0, 0);
INSERT INTO `t_comment_info` VALUES (538, '转发了', 440, '57790086082', '君辉丹阳', '', '2021-09-01 12:48:38', '', '', '', '', 0, 0);
INSERT INTO `t_comment_info` VALUES (539, '转发了', 440, '55487819280', '静寒靓', '', '2021-09-01 18:05:29', '', '', '', '', 0, 0);
INSERT INTO `t_comment_info` VALUES (540, '转发了', 440, '53384184244', '源于141735398', '', '2023-08-23 07:32:39', '', '', '', '', 0, 0);
INSERT INTO `t_comment_info` VALUES (541, '美国在韩国坐生物实验室泄露的吧[what]', 440, '108982953338', '普提树下思红颜', '', '2021-09-01 15:32:24', '', '', '', '', 8, 0);
INSERT INTO `t_comment_info` VALUES (542, '太可怕了，怎么会有那么多病毒呢？', 440, '85102486708', '浠浠妈爱生活', '', '2021-09-01 20:00:31', '', '', '', '', 0, 0);
INSERT INTO `t_comment_info` VALUES (543, '现在人好吃，管不住嘴，吃那么多荤菜干嘛。所有动物都是活生生的，少吃荤菜不行嘛。多瘦少荤，头脑精明。', 441, '73798988856', '智者菠萝n', '', '2018-08-16 15:24:32', '', '', '', '', 5, 1);
INSERT INTO `t_comment_info` VALUES (544, '通过正规渠道购买的牛羊肉都是经过检疫的，烹饪时煮熟煮透可放心食用。', 441, '70185652630', '柯大夫儿科科普教育', '', '2018-08-16 14:18:29', '', '', '', '', 14, 4);
INSERT INTO `t_comment_info` VALUES (545, '通过正规渠道购买的牛羊肉都是经过检疫的，烹饪时煮熟煮透可放心食用。', 441, '51849506090', '头条三农', '', '2018-08-16 19:02:36', '', '', '', '', 37, 3);
INSERT INTO `t_comment_info` VALUES (546, '唉，多事之秋。还是不够强大。', 441, '1143110178987760', '睿智博比0h7', '', '2021-08-15 12:00:54', '', '', '', '', 2, 1);
INSERT INTO `t_comment_info` VALUES (547, '不会是国外势力搞的鬼吧！', 441, '4284209758', '爱音乐榆树9a0', '', '2018-08-16 18:21:45', '', '', '', '', 6, 0);
INSERT INTO `t_comment_info` VALUES (548, '人感染上炭疽病毒都有什么症状？', 441, '84179659919', '倒立的奥特曼', '', '2018-08-16 15:47:37', '', '', '', '', 13, 0);
INSERT INTO `t_comment_info` VALUES (549, '我就想知道这个病是自己生的么', 441, '6584252963', '远方的花花', '', '2018-08-16 14:39:53', '', '', '', '', 1, 1);
INSERT INTO `t_comment_info` VALUES (550, '[祈祷][祈祷]感谢科普@邢紫峰 有补充的吗？', 441, '60133186470', '逆入藏锋', '', '2018-08-16 11:48:29', '', '', '', '', 4, 0);
INSERT INTO `t_comment_info` VALUES (551, '谢谢，科普', 441, '50835451602', '林氏按摩', '', '2018-08-16 14:00:28', '', '', '', '', 3, 0);
INSERT INTO `t_comment_info` VALUES (552, '转发一下！了解一下炭疽病！', 441, '55184380445', '徐世军7', '', '2018-08-17 06:44:15', '', '', '', '', 3, 0);
INSERT INTO `t_comment_info` VALUES (553, '控制不完全的。', 441, '101094576155', '傲骨水手', '', '2018-08-16 23:36:42', '', '', '', '', 2, 0);
INSERT INTO `t_comment_info` VALUES (554, '现在千万不能买牛羊', 441, '13619325716', '人生无憾319', '', '2018-08-16 08:58:46', '', '', '', '', 4, 0);
INSERT INTO `t_comment_info` VALUES (555, '大地震过后就有', 441, '92491346621', '花尊独舞', '', '2018-08-16 16:09:50', '', '', '', '', 2, 0);
INSERT INTO `t_comment_info` VALUES (556, '病毒传染吗？', 441, '69053308886', '风趣冰淇淋LQ', '', '2021-09-01 13:00:44', '', '', '', '', 0, 0);
INSERT INTO `t_comment_info` VALUES (557, '正规渠道购买的熟肉未必健康，见过熟肉加工厂的卫生后估计没人愿意吃了。', 441, '5876813395', '一个老实本分的种地人', '', '2021-08-15 12:49:09', '', '', '', '', 1, 0);
INSERT INTO `t_comment_info` VALUES (558, '搞好卫生，养殖业就会百顺', 441, '56419958679', '苍狼273553361', '', '2018-08-16 13:16:38', '', '', '', '', 1, 0);
INSERT INTO `t_comment_info` VALUES (559, '接过种就不要怕', 441, '4065384964', '电保姆', '', '2018-08-16 12:53:35', '', '', '', '', 1, 0);
INSERT INTO `t_comment_info` VALUES (560, '不早说 刚吃过牛肉[捂脸]', 441, '101330165965', '爱不爱我925', '', '2018-08-16 19:29:56', '', '', '', '', 1, 0);
INSERT INTO `t_comment_info` VALUES (561, '什么是天然孔出血？', 441, '62344582367', '依兰梦晴', '', '2021-08-31 20:54:18', '', '', '', '', 0, 0);
INSERT INTO `t_comment_info` VALUES (562, '注意人人防护。', 441, '96220084182', '纳百川3711', '', '2018-08-16 16:04:03', '', '', '', '', 0, 0);
INSERT INTO `t_comment_info` VALUES (563, '还记得非典吗', 441, '5772928259', '明明很忧伤', '', '2018-08-17 00:16:57', '', '', '', '', 0, 0);
INSERT INTO `t_comment_info` VALUES (564, '转发了', 441, '50315160657', 'Science科普科学科技', '', '2021-08-15 21:42:42', '', '', '', '', 0, 0);
INSERT INTO `t_comment_info` VALUES (565, '转发了', 441, '69386703974', '新品社', '', '2018-08-16 12:12:31', '', '', '', '', 5, 0);
INSERT INTO `t_comment_info` VALUES (566, '转发了', 441, '6127091275', '草原彩虹2016', '', '2018-08-16 13:33:54', '', '', '', '', 3, 0);
INSERT INTO `t_comment_info` VALUES (567, '转发了', 441, '3462493140', '阿宝shoxue', '', '2018-08-16 10:58:40', '', '', '', '', 2, 0);
INSERT INTO `t_comment_info` VALUES (568, '转发了', 441, '6927572455', '五星出东方利中国', '', '2018-08-16 11:29:23', '', '', '', '', 1, 0);
INSERT INTO `t_comment_info` VALUES (569, '转发了', 441, '50058143894', '尽在环球世界观察探索', '', '2018-08-16 21:18:49', '', '', '', '', 0, 0);
INSERT INTO `t_comment_info` VALUES (570, '转发了', 441, '65200098971', '圣颜白秉宪', '', '2018-08-16 22:29:40', '', '', '', '', 0, 0);
INSERT INTO `t_comment_info` VALUES (571, '转发了', 441, '98947788100', '海的童话', '', '2018-08-16 14:06:19', '', '', '', '', 0, 0);
INSERT INTO `t_comment_info` VALUES (572, '转发了', 441, '4745264685', '妙修48103759', '', '2018-08-16 13:39:37', '', '', '', '', 0, 0);
INSERT INTO `t_comment_info` VALUES (573, '[赞]', 442, '63873347384', 'ZhHW忍者', '', '2020-04-11 11:15:41', '', '', '', '', 0, 0);
INSERT INTO `t_comment_info` VALUES (574, '转发了', 442, '3649994321035390', 'dangjianshi', '', '2020-04-10 21:58:46', '', '', '', '', 0, 0);
INSERT INTO `t_comment_info` VALUES (575, '脊背发凉', 443, '101675701661', '理智思考的喵头鹰', '', '2021-08-16 19:38:04', '', '', '', '', 4, 0);
INSERT INTO `t_comment_info` VALUES (576, '生化危机既视感[思考]', 443, '5867976154', '七月三', '', '2021-08-15 00:28:48', '', '', '', '', 8, 0);
INSERT INTO `t_comment_info` VALUES (577, '老师，青椒炭疽病乍治疗', 444, '4503220361103518', '老干', '', '2021-07-16 20:19:22', '', '', '', '', 0, 0);
INSERT INTO `t_comment_info` VALUES (578, '转发了', 444, '93182035180', '琳幽心', '', '2020-05-30 21:23:43', '', '', '', '', 1, 0);
INSERT INTO `t_comment_info` VALUES (579, '[赞][666][666][666][666]', 445, '914447882260926', '创意安德烈娅2w', '', '2022-04-27 19:31:32', '', '', '', '', 1, 0);
INSERT INTO `t_comment_info` VALUES (580, '2、轮作时间，稻田3～4年，旱地5～6年。多施腐熟有机肥和磷钾肥，少施氮肥，可提高植株的抗病能力。在栽培上实行深沟高畦地膜覆盖种植，降低地下水位和土壤相对湿度，创造有利于西瓜植株生长的环境和不利于病菌滋生蔓延的条件。', 445, '110175440199', '姗姗来迟', '', '2022-04-27 22:18:39', '', '', '', '', 1, 0);
INSERT INTO `t_comment_info` VALUES (581, '转发了', 445, '74304352791', '三木道童', '', '2022-04-28 08:36:01', '', '', '', '', 1, 0);
INSERT INTO `t_comment_info` VALUES (582, '不能清除吗', 446, '3615617507408815', '博学圆月4r', '江西', '2022-07-03 07:22:19', '', '', '', '', 1, 0);
INSERT INTO `t_comment_info` VALUES (583, '转发了', 446, '5747322836', '农香居烧烤', '', '2018-12-11 10:32:14', '', '', '', '', 2, 0);
INSERT INTO `t_comment_info` VALUES (584, '转发了', 446, '58558475345', '醉舞清风-', '', '2018-12-11 08:45:43', '', '', '', '', 1, 0);
INSERT INTO `t_comment_info` VALUES (585, '转发了', 446, '58218612440', '杨先林', '', '2019-01-19 20:03:23', '', '', '', '', 1, 0);
INSERT INTO `t_comment_info` VALUES (586, '转发了', 446, '4517958297', 'lee42852625', '', '2018-12-10 00:57:40', '', '', '', '', 1, 0);
INSERT INTO `t_comment_info` VALUES (587, '国家马上发令禁止私人养羊，禁止私人私宰牛羊，做好预防病毒传染', 447, '100735620408', '008侠客', '', '2021-09-03 13:52:27', '', '', '', '', 20, 10);
INSERT INTO `t_comment_info` VALUES (588, '我刚买的牛肉干……我是吃还是不吃……', 447, '3018463606', '得月', '', '2021-09-03 19:51:30', '', '', '', '', 11, 9);
INSERT INTO `t_comment_info` VALUES (589, '不传人？武汉疫情开始也说不传人！经验主义害死人！还是要认真防控！查清传染源！', 447, '3154974109', '五道口清平乐', '', '2021-09-03 23:46:33', '', '', '', '', 13, 1);
INSERT INTO `t_comment_info` VALUES (590, '都是管理不善造成的', 447, '107853092811', '天理不公6', '', '2021-09-03 14:07:00', '', '', '', '', 20, 0);
INSERT INTO `t_comment_info` VALUES (591, '面对多发的疫情，大家也不用恐慌，积极严格做好个人防护，还是可以预防，降低感染风险的。外出戴好口罩，勤洗手消毒，尽量不吃生冷食物，完全煮熟之后再食用，厨房用品也勤消毒。如果想多些防护的话，可以备点连花清瘟，它具有抑制病毒的作用！', 447, '2164268285563056', '清韵2022', '', '2021-09-03 13:34:43', '', '', '', '', 6, 2);
INSERT INTO `t_comment_info` VALUES (592, '啥时候能自由啊？哪也不敢去', 447, '2774808382420547', '你笑起来真好看哈123', '', '2021-09-03 23:25:10', '', '', '', '', 5, 1);
INSERT INTO `t_comment_info` VALUES (593, '牛奶能喝吗？', 447, '6322127512', '微信名神经蛙', '', '2021-09-03 12:55:48', '', '', '', '', 8, 1);
INSERT INTO `t_comment_info` VALUES (594, '新冠2.0[衰][衰]', 447, '6039580993', '晴天飘雨sky', '', '2021-09-04 23:58:18', '', '', '', '', 1, 0);
INSERT INTO `t_comment_info` VALUES (595, '炭疽属于自然疫源性疾病，是动物传染给人的。炭疽，是一种叫炭疽牙孢杆菌引起人畜共患病，主要流行在牛羊马等食草动物中，炭疽牙孢杆菌耐高温，一般在120度的高温消毒下，才能杀死牙孢细菌。炭疽的临床表现开始为低烧，疲乏，全身酸痛咳嗽，续而出现严重咳血，呼吸困难，死亡率达90%以上。预防措施：1.对病死的牛羊等动物必须深埋处理，燃烧或消毒。2.对屠宰工作工人进行特殊行业的身体检查。一旦发现必须马上治疗。3.卫生监督和药监局联合调查，并提出有效的预防措施！治疗措施：现在青霉素是特效的药物，但青霉素在医院属于陶汰的药物，因为价格便宜，很久没有使用。只能用其它药物代替使用。其它的事项环球网说得很清楚。谢谢环球网！', 447, '3346531334503149', '用户连新清', '', '2021-09-03 16:31:01', '', '', '', '', 10, 0);
INSERT INTO `t_comment_info` VALUES (596, '牛羊肉别吃了！！这段时间让人不放心！！', 447, '95242552088', '望香港', '', '2021-09-04 07:13:20', '', '', '', '', 2, 0);
INSERT INTO `t_comment_info` VALUES (597, '地球清理整顿工作已经开始', 447, '6750151358', '70年代新深圳人', '', '2021-09-04 00:14:22', '', '', '', '', 1, 0);
INSERT INTO `t_comment_info` VALUES (598, '之前日韩美军突然发炭疽疫苗，什么情况？', 447, '2845941738', '看海2921401', '', '2021-09-05 07:47:08', '', '', '', '', 1, 0);
INSERT INTO `t_comment_info` VALUES (599, '可防可控。又是美国搞的？', 447, '106099038466', '一叶绿舟A', '', '2021-09-03 22:29:02', '', '', '', '', 1, 0);
INSERT INTO `t_comment_info` VALUES (600, '前段时间印度出现的黑木耳病会不会是炭疽病呢？', 447, '100455567756', '六哥家的果乐', '', '2021-09-03 14:17:51', '', '', '', '', 6, 0);
INSERT INTO `t_comment_info` VALUES (601, '[流泪]死的14岁的男孩是我临村', 447, '6290968960', '首席吃喝玩乐体验官', '', '2021-09-03 23:44:21', '', '', '', '', 0, 2);
INSERT INTO `t_comment_info` VALUES (602, '是不是 从印度 传过来的？', 447, '6709822846', '天涯醉666', '', '2021-09-03 13:57:45', '', '', '', '', 3, 0);
INSERT INTO `t_comment_info` VALUES (603, '学习', 447, '52409837115', '本格花青', '', '2021-09-04 08:45:31', '', '', '', '', 1, 0);
INSERT INTO `t_comment_info` VALUES (604, '牛羊肉要降价了[机智]', 447, '2291001657684750', '纯情小皮侠', '', '2021-09-04 00:11:22', '', '', '', '', 2, 0);
INSERT INTO `t_comment_info` VALUES (605, '我这段时间特想吃牛羊肉，看来要戒了，吃吃螃蟹跟虾吧[我想静静]', 447, '2677843814', '宇智波派大星嚯', '', '2021-09-04 02:29:58', '', '', '', '', 2, 0);
INSERT INTO `t_comment_info` VALUES (606, '我现在只要看“目前没有人传人现象”这几个字，我就想到新冠！！！', 447, '5363188036', '请你做个好人', '', '2021-09-03 14:37:34', '', '', '', '', 3, 0);
INSERT INTO `t_comment_info` VALUES (607, '对青霉素过敏的怎么办？', 447, '5993537655', '沪漂欣欣A', '', '2021-09-04 09:16:37', '', '', '', '', 2, 0);
INSERT INTO `t_comment_info` VALUES (608, '看到这个就联想到731。', 447, '62037536680', '我带阿米看星星', '', '2021-09-03 22:30:14', '', '', '', '', 2, 0);
INSERT INTO `t_comment_info` VALUES (609, '韩国就抗议炭疽实验室研究，极有可能通过灰尘空气向周围泄露', 447, '3161526400', 'L16888888', '', '2021-09-04 09:01:53', '', '', '', '', 1, 0);
INSERT INTO `t_comment_info` VALUES (610, '出现这个疫情后暂不敢买牛肉了', 447, '109817957231', '洒脱豆浆UE', '', '2021-09-04 17:14:01', '', '', '', '', 0, 0);
INSERT INTO `t_comment_info` VALUES (611, '这两年是怎么了，新冠病毒还没好又来个炭疽[发怒][发怒][发怒]', 447, '65612791421582', '枇杷树下的小董', '', '2021-09-03 23:59:10', '', '', '', '', 1, 0);
INSERT INTO `t_comment_info` VALUES (612, '立即调查第一头病牛的来源，和病牛一起的所有牛和养牛场都要找到。', 447, '63001575984', '朴实鲸鱼X', '', '2021-09-04 09:39:59', '', '', '', '', 0, 0);
INSERT INTO `t_comment_info` VALUES (613, '牛奶呢', 447, '4526783294', '深蓝U96', '', '2021-09-03 22:53:22', '', '', '', '', 1, 0);
INSERT INTO `t_comment_info` VALUES (614, '太可怕了', 447, '311904840461323', '波斯猫爱游泳', '', '2021-09-05 00:50:55', '', '', '', '', 0, 0);
INSERT INTO `t_comment_info` VALUES (615, '多地都是哪？', 447, '325053488565192', '简单天空FX', '', '2021-09-04 08:27:21', '', '', '', '', 1, 0);
INSERT INTO `t_comment_info` VALUES (616, '我老家旁边有一个小型养猪场，就怕出事', 447, '109434660572', '聪慧菠萝Yyg', '', '2021-09-04 09:53:14', '', '', '', '', 0, 0);
INSERT INTO `t_comment_info` VALUES (617, '不要忘了美国遍布全球的200多家生物实验室…', 447, '97912354581', 'wbb1666', '', '2021-09-04 08:47:50', '', '', '', '', 0, 0);
INSERT INTO `t_comment_info` VALUES (618, '以前没爆发过，现在爆发，诡异！', 447, '106214490983', '迟暮年华yin', '', '2021-09-04 01:39:38', '', '', '', '', 0, 0);
INSERT INTO `t_comment_info` VALUES (619, '越来越明目张胆了', 447, '58534859261', '奔跑吧蜗牛牛', '', '2021-09-04 09:48:50', '', '', '', '', 0, 0);
INSERT INTO `t_comment_info` VALUES (620, '细思极恐，国家及早防范', 447, '98487470637', '求真务实广东人', '', '2021-09-04 01:12:06', '', '', '', '', 0, 0);
INSERT INTO `t_comment_info` VALUES (621, '都是人多惹的祸！', 447, '2295389031769613', '执着的豆花mR', '', '2021-09-04 05:58:22', '', '', '', '', 0, 0);
INSERT INTO `t_comment_info` VALUES (622, '新冠肺炎病毒没有消灭，炭疽病又来了，要科学防治。', 447, '51890821579', '极速山丘JO', '', '2021-09-04 10:02:57', '', '', '', '', 0, 0);
INSERT INTO `t_comment_info` VALUES (623, '多地是哪些', 447, '100237388774', '酸甜苦辣生活好难', '', '2021-09-04 10:23:00', '', '', '', '', 0, 0);
INSERT INTO `t_comment_info` VALUES (624, '现在牛羊肉价格很高啊。', 447, '58529653482', '犇馳平川', '', '2021-09-04 13:51:37', '', '', '', '', 0, 0);
INSERT INTO `t_comment_info` VALUES (625, '青霉素过敏的怎么办？[泪奔]', 447, '85203820429', '小埃 .', '', '2021-09-04 08:23:42', '', '', '', '', 0, 0);
INSERT INTO `t_comment_info` VALUES (626, '还是打疫苗', 447, '104195988754', '极速扑克Zj', '', '2021-09-03 19:53:42', '', '', '', '', 0, 0);
INSERT INTO `t_comment_info` VALUES (627, '炭疽病毒会变异吗？', 447, '3692593904', '知足常乐22209235', '', '2021-09-05 05:33:09', '', '', '', '', 0, 0);
INSERT INTO `t_comment_info` VALUES (628, '炭疽多年前首先在美国出现。', 447, '830867277625437', '曾真珍', '', '2021-09-04 01:28:39', '', '', '', '', 0, 0);
INSERT INTO `t_comment_info` VALUES (629, '希望大家最近少接触这些可能得感染源，要是工作避免不了有什么症状第一时间去医院检查检查，不要拖到后期，愿平安！！！', 447, '2129089482732477', '用户2467102830156', '', '2021-09-03 23:37:11', '', '', '', '', 0, 0);
INSERT INTO `t_comment_info` VALUES (630, '亚太地区的所有美军全打了炭疽疫苗，这个对来源有参考价值', 447, '4338169413', '无忧的风筝Hm', '', '2021-09-04 14:45:13', '', '', '', '', 0, 0);
INSERT INTO `t_comment_info` VALUES (631, '这年月能活着就不错了', 447, '51004031248', '自在西西爱生活', '', '2021-09-04 08:26:24', '', '', '', '', 0, 0);
INSERT INTO `t_comment_info` VALUES (632, '动物对人类的报复啊！', 447, '1978720181042240', '奇妙青山IM1', '', '2021-09-03 19:48:06', '', '', '', '', 0, 0);
INSERT INTO `t_comment_info` VALUES (633, '炭疽病和疱疹有关系吗？', 447, '4146566708', '手机用户真自我', '', '2021-09-05 06:10:45', '', '', '', '', 0, 0);
INSERT INTO `t_comment_info` VALUES (634, '做好防控，不能掉以轻心。', 447, '64757434744', '晨风', '', '2021-09-04 07:44:23', '', '', '', '', 0, 0);
INSERT INTO `t_comment_info` VALUES (635, '世界上最怕认真二字，只要认真去面对，没什么大不了！', 447, '105005364879', '用户农富', '', '2021-09-04 03:05:42', '', '', '', '', 0, 0);
INSERT INTO `t_comment_info` VALUES (636, '近多地出现炭疽病例会人传人吗？如何预防？主要发生于食草动物如牛、羊、马人接触病畜或排泄物或食用病畜内感染主要表现皮肤炭疸、肺炭疸及肠炭疸属乙类传染病，人和人之间传播极少见、科学预防是关键…。。。', 447, '71274294053', '吴福顺3', '', '2021-09-03 23:59:40', '', '', '', '', 0, 0);
INSERT INTO `t_comment_info` VALUES (637, '[祈祷][祈祷][祈祷]老天爷，求求你了，让疫情消失吧，无论是新冠还是其他传染病', 448, '106623373046', '野原新之助哆啦A梦', '', '2021-08-17 20:53:12', '', '', '', '', 8, 1);
INSERT INTO `t_comment_info` VALUES (638, '万众一心，众志成城！敬畏生命，拒绝野味！理性抗疫，科学防护！祝福祖国早日打赢这场疫情防控阻击战！加油中国！', 448, '2480977202906867', '南栀小玖儿', '', '2021-08-17 20:50:02', '', '', '', '', 6, 0);
INSERT INTO `t_comment_info` VALUES (639, '主要是内有湿热才能引起', 448, '51198507812', '手机用户dbk357', '', '2021-08-17 20:51:39', '', '', '', '', 2, 0);
INSERT INTO `t_comment_info` VALUES (640, '吓人，希望疫情快点消失', 448, '936405789050712', '暴躁的朵儿', '', '2021-08-17 22:34:14', '', '', '', '', 1, 0);
INSERT INTO `t_comment_info` VALUES (641, '别传给猪就好了，到时连猪都吃不了还涨价，唉！想想就难受。', 448, '111169876057', '看世间繁华落尽i', '', '2021-08-18 08:57:37', '', '', '', '', 0, 0);
INSERT INTO `t_comment_info` VALUES (642, '中国大国 14亿人口 大家注意卫生 那么疫情很快就没有 不要吐口沫到地上 垃圾不乱掉地上 这样就会减少疫情出现了', 448, '65045524123', '忘情水1999', '', '2021-08-18 01:09:28', '', '', '', '', 0, 0);
INSERT INTO `t_comment_info` VALUES (643, '我没记错的话，大概半个月之前，有人提到亚太美军开始注射变异炭疽和变异天花的疫苗，下一步看天花会不会冒出来，就能印证了。', 448, '5837333202', '一本正经的指南', '', '2021-08-18 00:07:41', '', '', '', '', 7, 0);
INSERT INTO `t_comment_info` VALUES (644, '是否应该是tanjv', 449, '4223670053', '冬眠的熊35916491', '', '2021-08-15 20:27:42', '', '', '', '', 1, 0);
INSERT INTO `t_comment_info` VALUES (645, '还有个应急广播', 449, '101768858541', '天方也元', '', '2021-08-17 07:39:46', '', '', '', '', 1, 0);
INSERT INTO `t_comment_info` VALUES (646, '斑立健是一种什么成份的药', 450, '111424795900', '知情达理星球vK', '', '2020-02-29 07:36:52', '', '', '', '', 1, 3);
INSERT INTO `t_comment_info` VALUES (647, '谢谢分享', 450, '61440472736', '青尘路客', '', '2020-02-29 14:11:25', '', '', '', '', 0, 1);
INSERT INTO `t_comment_info` VALUES (648, '大樱桃也有炭疽病吗？', 450, '971608621318276', '用户81518141172', '', '2020-02-29 02:10:04', '', '', '', '', 0, 0);
INSERT INTO `t_comment_info` VALUES (649, '去年葡萄炭疽病难治！发病期用天路杀菌王效果好。', 450, '51973396800', '块儿大大', '', '2020-02-28 22:08:17', '', '', '', '', 0, 0);
INSERT INTO `t_comment_info` VALUES (650, '转发了', 450, '6606032577', '大荔冬枣技术交流', '', '2020-02-29 06:38:03', '', '', '', '', 1, 0);
INSERT INTO `t_comment_info` VALUES (651, '转发了', 450, '9924086407', '神秘钢琴Czg', '', '2020-03-01 08:31:36', '', '', '', '', 0, 0);
INSERT INTO `t_comment_info` VALUES (652, '转发了', 450, '58218612440', '杨先林', '', '2020-02-29 19:56:36', '', '', '', '', 0, 0);
INSERT INTO `t_comment_info` VALUES (653, '转发了', 450, '50087655654', '空kongsheng生', '', '2020-02-28 22:39:24', '', '', '', '', 0, 0);
INSERT INTO `t_comment_info` VALUES (654, '又是一个环保的理由养殖业的悲哀', 451, '71065784296', '用户71065784296', '', '2018-08-21 21:05:27', '', '', '', '', 0, 0);

-- ----------------------------
-- Table structure for t_news_info
-- ----------------------------
DROP TABLE IF EXISTS `t_news_info`;
CREATE TABLE `t_news_info`  (
  `id` int(11) NOT NULL AUTO_INCREMENT,
  `title` varchar(800) CHARACTER SET utf8mb4 COLLATE utf8mb4_bin NULL DEFAULT NULL,
  `summry` text CHARACTER SET utf8 COLLATE utf8_general_ci NULL,
  `user_id` varchar(100) CHARACTER SET utf8 COLLATE utf8_general_ci NULL DEFAULT NULL,
  `create_time` varchar(30) CHARACTER SET utf8 COLLATE utf8_general_ci NULL DEFAULT NULL,
  `news_id` varchar(100) CHARACTER SET utf8 COLLATE utf8_general_ci NULL DEFAULT NULL,
  `source_type` varchar(255) CHARACTER SET utf8 COLLATE utf8_general_ci NULL DEFAULT NULL,
  PRIMARY KEY (`id`) USING BTREE
) ENGINE = InnoDB AUTO_INCREMENT = 452 CHARACTER SET = utf8 COLLATE = utf8_general_ci ROW_FORMAT = DYNAMIC;

-- ----------------------------
-- Records of t_news_info
-- ----------------------------
INSERT INTO `t_news_info` VALUES (401, '真相大白，朱婷退役事件反转，蔡斌虚惊一场，中国女排球迷安心了', '她说这应该是自己最后一届奥运会，这样一番话一经报道之后，很多球迷都开始猜测，这是不是意味着，朱婷已经开始为自己退役离开国家队做好准备了呢?', '96183293800', '1722619689000', '7397251721719759400', 'toutiao');
INSERT INTO `t_news_info` VALUES (402, '朱婷自曝是最后一届奥运，珍惜场上每次触球，胡兵晒与朱婷合影：她从来没让大家失望过', '当地时间7月29日，中国女排迎来巴黎奥运会小组赛首秀，对手是卫冕冠军美国女排。最终双方激战五局，中国女排以3-2获胜，迎开门红。重回奥运赛场，朱婷表示：“对我个人这是最后一届了，能够回来是种种不易，珍惜在场上每一次触球，如果再伤的话，每次触球都有可能是我生涯最后一次触球。', '69976397723147', '1722619689000', '7397230749251813928', 'toutiao');
INSERT INTO `t_news_info` VALUES (403, '中国女排重返世界前5！朱婷绝杀后被外媒大赞 华盛顿晒合影证强大', '中国女排在巴黎奥运会上迎来了开门红，她们3-2险胜美国队，在一度2-0领先的情况下被美国拖入决胜局，决胜局中李盈莹一人10扣8中+1拦如同战神，朱婷完成了一锤定音的绝杀。', '6228805457', '1722619689000', '7397253119597429283', 'toutiao');
INSERT INTO `t_news_info` VALUES (404, '朱婷：能回来不易，这应该是我最后一届奥运了……', '据新华社消息，中国女排在29日进行的巴黎奥运会首场比赛中以3:2战胜美国女排。完成最后一扣的朱婷表示，归队来之不易，会珍惜每一次站在场上的机会。今年世界女排联赛期间重返国家队的朱婷，在当天的比赛中得到17分。', '5821773608', '1722619689000', '7397284650521100835', 'toutiao');
INSERT INTO `t_news_info` VALUES (405, '朱婷依然是世界级球星无可取代，中国女排明晨战法国女排力争两连胜', '北京时间8月2日凌晨3点，巴黎奥运会女排小组赛，中国女排将迎战东道主法国女排。目前小组积分榜上，塞尔维亚队一胜一负积4分居榜首，美国女排一胜一负以3分居次席，中国女排一胜积2分居第三位。首轮，中国女排以3比2战胜美国队，取得开门红，为小组出线奠定基础。', '3721866747', '1722619689000', '7398081405424566823', 'toutiao');
INSERT INTO `t_news_info` VALUES (406, '动容！朱婷感慨，回来不容易，将是最后一届奥运会，珍惜每一场球', '听说点赞关注的人都能心想事成哦！想要财运广进，就从关注我开始吧！', '2661252845015824', '1722619689000', '7398587392464077363', 'toutiao');
INSERT INTO `t_news_info` VALUES (407, '朱婷称“这是我最后一届奥运”，她能再次率中国女排登上领奖台吗？', '极目新闻记者 肖名远“这是我最后一届奥运会了。”北京时间7月30日凌晨，中国女排3比2险胜美国，夺得奥运开门红，赛后朱婷的这句话引发了许多网友的破防。事实上，朱婷能参加巴黎奥运会，本身已经给了许多球迷惊喜。', '50948991384', '1722619689000', '7397382892571066889', 'toutiao');
INSERT INTO `t_news_info` VALUES (408, '中国女排取得开门红！朱婷关键时刻一锤定音→', '在当地时间29日进行的巴黎奥运会女排A组小组赛中，中国队3:2险胜东京奥运会冠军美国队，赢得“开门红”。当地时间7月29日，中国队球员在赛后庆祝。新华社记者 赖向东 摄在此前的两届奥运会上，中国女排均未能在小组赛首场取胜，这次终于摆脱了开局慢热的惯性。', '5806115967', '1722619689000', '7397234276778951194', 'toutiao');
INSERT INTO `t_news_info` VALUES (409, '朱婷与美国好友叙旧！赛后二人长时间拥抱，球迷调侃华盛顿会吃醋', '上一轮对阵卫冕冠军科内利亚诺的比赛，朱婷单场狂砍21分帮助斯坎迪奇3-0大胜，不仅结束了斯坎迪奇对阵科内利亚诺的13连败，个人更是0失误0被拦，还要承担球队大量的一传和防守任务。', '55663184236', '1722619774000', '7174242195946750477', 'toutiao');
INSERT INTO `t_news_info` VALUES (410, '朱婷移民瑞士真相出炉！郎平说了番公道话，蔡斌做法令人肃然起敬', '', '96183293800', '1722619774000', '7270022776944067131', 'toutiao');
INSERT INTO `t_news_info` VALUES (411, '泪目!朱婷首次亮相意甲赛场,457天后再次扣球,替补席目睹0-3惨败', '10月30日消息，意大利当地时间29日，意甲斯坎迪奇俱乐部在常规赛第三轮以0-3不敌豪门诺瓦拉，中国女排奥运冠军朱婷首次入选比赛名单，这也是自东京奥运会以来，457天之后朱婷第一次正式亮相赛场。', '58834274388', '1722619774000', '7160184849515463202', 'toutiao');
INSERT INTO `t_news_info` VALUES (412, '朱婷迎28岁生日！奥运会官方送祝福，斯坎迪奇寄语：再创巅峰', '11月29日，朱婷迎来28周岁生日，朱婷是1994年11月29日出生的，生日到来的当天，球迷们纷纷给朱婷送上祝福，在过去的一年时间里，朱婷更多的是和伤病、手术、恢复作斗争，如今加盟斯坎迪奇之后已经出战多场比赛，有不俗的发挥，粉丝们也纷纷表示希望朱婷可以保持好身体、力争重返巅峰状态', '6853824925', '1722619774000', '7171280501448245764', 'toutiao');
INSERT INTO `t_news_info` VALUES (413, '朱婷伤疤触目惊心！三段长达5厘米，名帅表态耐心等待王者归来', '赛后朱婷摘除了保护的绷带，三段5厘米长的伤疤曝光，表明东京周期朱婷的伤势足够严重，背后复出的艰辛无人能知，主教练巴尔博里尼谈到朱婷也表示需要耐心等待，现在派出朱婷不是要多赢几分球，而是让她的复出有个适应过程，逐步增加上场时间。', '2923685358', '1722619774000', '7162438868632224264', 'toutiao');
INSERT INTO `t_news_info` VALUES (414, '朱婷时隔3个月回应郎平让其带伤上阵，首谈奥运失利与女排新帅', '两天后，许久未在公开露面的女排运动员朱婷现身与樊登对谈，首次回应奥运失利原因、与郎平关系、外海生涯与何时退役等焦点问题，坦陈东京奥运后的心路历程。', '58986046466', '1722619774000', '7031926974008279582', 'toutiao');
INSERT INTO `t_news_info` VALUES (415, '实至名归！中国女排运动员朱婷获金狮奖', '来源：中国新闻网 中新网12月21日电 北京时间21日凌晨，意甲排球俱乐部斯坎迪奇公布中国球员朱婷荣获金狮奖的消息，并且晒出了一张朱婷手捧奖杯的照片。', '5954781019', '1722619774000', '7179480232687043084', 'toutiao');
INSERT INTO `t_news_info` VALUES (416, '朱婷2度缺席中国女排！官媒点名一姐2大灵魂拷问，蔡斌麻烦大了', '', '96183293800', '1722619774000', '7195077352802484740', 'toutiao');
INSERT INTO `t_news_info` VALUES (417, '“拿回来！”朱婷这句话，让中国女排燃爆热搜', '”场上现争议判罚原来在前两局的比赛中中国队遭到日本队顽强防守但仍以27-25、25-18拿下两局来到第三局后大比分落后的日本队没有退路不得不放手一搏比赛刚开始日本就取得3分领先中国队处于下风之时雪上加霜的一幕发生了丁霞被吹触网违例郎平第一时间提出鹰眼挑战尽管从鹰眼上看丁霞并未触网', '104246645773', '1722619774000', '6698927179813618189', 'toutiao');
INSERT INTO `t_news_info` VALUES (418, '朱婷:没人想到我的伤情恶化,首场换下袁心玥还想,朱姐一会就好了', '8月25日消息，在刚结束的东京奥运会上，中国女排2胜3负早早无缘8强，作为卫冕冠军遭遇惨败。据媒体报道，朱婷右手手腕疼得需要吃药，依然发不上力，导致她在比赛中扣球发力受阻，防守、拦网都不敢起球。', '58834274388', '1722619774000', '7000228183639441959', 'toutiao');
INSERT INTO `t_news_info` VALUES (419, '外媒狂赞朱婷！笑言朱婷或因耳膜受损退役，斯坎迪奇开通中国渠道', '意大利斯坎迪奇女排宣布开通中国社交媒体及时发出了第一条中文消息，主要针对意甲第5轮斯坎迪奇对阵皮内罗洛的比赛进行报道，并对朱婷赛季首发拿下16分表示祝贺!', '2923685358', '1722619774000', '7163494634641998374', 'toutiao');
INSERT INTO `t_news_info` VALUES (420, '为什么中国的食品安全问题这么严重？怎样才能解决食品安全问题？', '食品安全叫了很多年，多少年过去了，估计国人已经麻木，不安全的食品还是不处不在。也不知道从何年何月起，很多商人昧着良心，开始往蔬菜里撒农药，往牛肉里注水，给猪喂瘦肉精，往面粉里加增白剂，出现了苏丹红，毒奶粉。', '1868791413487752', '1722620931000', '7112770898159043111', 'toutiao');
INSERT INTO `t_news_info` VALUES (421, '做到“四个最严”守护食品安全', '党的十八大以来，中国食品安全工作取得了积极进展，真正做到了“用最严谨的标准、最严格的监管、最严厉的处罚、最严肃的问责，确保广大人民群众‘舌尖上的安全’”。', '50502346173', '1722620931000', '7121877728059458056', 'toutiao');
INSERT INTO `t_news_info` VALUES (422, '盘点2021年食品安全十大典型案例 为食品安全敲警钟', '在此，中国经济网盘点了今年影响力较大的十起食品安全事件，回顾事件过程，吸取经验教训，提醒消费者增强食品安全意识，警示食品企业要时刻注意保障食品安全。', '50502346296', '1722620931000', '7047749014879633956', 'toutiao');
INSERT INTO `t_news_info` VALUES (423, '所有人，这27个食品安全常识你必须知道', '食品安全是大事！误食野生蘑菇怎么办…', '5806115967', '1722620931000', '6712662491454784004', 'toutiao');
INSERT INTO `t_news_info` VALUES (424, '食品安全 | 这些食品安全知识要了解', '世界卫生组织提示食品安全五大要点:保持清洁，生熟分开，食物要彻底煮熟烧透，在安全的温度下保存食物，使用安全的水和食物原料。', '58674001083', '1722620931000', '7203155048489189948', 'toutiao');
INSERT INTO `t_news_info` VALUES (425, '【食品安全】这些食品安全知识，你应该知道！', '身体健康和生命安全。我们应该如何保障食品安全呢?食品质量安全是指食品质量状况对食用者健康、安全的保证程度。', '5860399432', '1722620931000', '7234803491145941559', 'toutiao');
INSERT INTO `t_news_info` VALUES (426, '“食”不待我，食品安全知多少', '食品安全标准1.食品相关产品的致病性微生物、农药残留、兽药残留、重金属、污染物质以及其他危害人体健康物质的限量规定。2.食品添加剂的品种、使用范围、用量。3.专供婴幼儿的主辅食品的营养成分要求。4.对与营养有关的标签、标识、说明书的要求。5.与食品安全有关的质量要求。6.', '1516982200448779', '1722620931000', '7202429610016064037', 'toutiao');
INSERT INTO `t_news_info` VALUES (427, '食品安全，从我做起', '饮食健康千万条，食品安全第一条。食品安全直接关系广大人民群众的身体健康和生命安全，关系国家的健康发展，关系社会的和谐稳定。食品安全问题已经成为百姓关心、政府重视、社会关注的热点问题。', '5720019327', '1722620931000', '7114217775005958694', 'toutiao');
INSERT INTO `t_news_info` VALUES (428, '工程院报告：食品安全存七大问题，环境污染仍是重大隐患', '科学出版社21日发布的中国工程院重大咨询项目《中国食品安全现状、问题及对策战略研究》称，旧疾新患，现阶段食品安全形势依然严峻，其中，环境污染仍是影响食品安全的重大隐患，是长期影响食品安全的重要问题。', '5431132532', '1722620931000', '6863263938201518606', 'toutiao');
INSERT INTO `t_news_info` VALUES (429, '有关食品安全，这些知识快来get！', '根椐《食品卫生法》的规定：食品是指用于食用或者饮用的成品和原料以及按照传统既是食品又是药品的物品，但是不包括以治疗为目的的物品。食品应当无毒、无害，符合应当有的营养要求，具有相应的色、香、味等感官性状。2.什么叫食品质量?', '6051636117', '1722620931000', '6901281698571436547', 'toutiao');
INSERT INTO `t_news_info` VALUES (430, '专家：牢记食品安全“五要点”', '针对消费者普遍关心的个人应该如何消毒、进口冷冻食品还安全吗等问题，在11月25日的国务院联防联控新闻发布会上，与会专家进行了解读。', '5806115967', '1722620931000', '6900694388574585358', 'toutiao');
INSERT INTO `t_news_info` VALUES (431, '【全国食品安全宣传周】食品安全知识，你应该知道！', '俗话说“民以食为天，食以安为先”，食品安全事关人民群众的身体健康和生命安全，关系中华民族的未来。自2011年以来，宣传周已举办了10届，成为我国食品安全领域规格最高、涉及面最广的主题宣传活动。', '5481315751', '1722620931000', '7143901232892215823', 'toutiao');
INSERT INTO `t_news_info` VALUES (432, '食品安全的最后防线决不能失守', '然而这个庞大的交易量背后，却有着一个公开的秘密:为了缩短工时、降低成本，大部分商家都使用硫磺熏制八角，而批发商为了逐利，也会采购硫磺八角，并销往各地的饭店、食堂等。', '5806115967', '1722620931000', '6875483250656018958', 'toutiao');
INSERT INTO `t_news_info` VALUES (433, '市场监管总局：强化食品安全监管 守护人民群众“舌尖上的安全”', '国家市场监管总局相关负责人就2020年食品安全监督情况以及2021年重点工作进行了介绍，并就公众关心的问题回答了记者的提问。', '50502346173', '1722620931000', '6953577641060336165', 'toutiao');
INSERT INTO `t_news_info` VALUES (434, '科普动起来|食品安全五大要点你知道吗', '', '4408049228', '1722620931000', '7213545696123683343', 'toutiao');
INSERT INTO `t_news_info` VALUES (435, '食安周科普 | 食品安全5大要点', '视频来源：中国市场监管报', '52905156611', '1722620931000', '6974191229550461479', 'toutiao');
INSERT INTO `t_news_info` VALUES (436, '中共中央 国务院关于深化改革加强食品安全工作的意见', '中共中央 国务院关于深化改革加强食品安全工作的意见', '50025817786', '1722620931000', '6693077081560973837', 'toutiao');
INSERT INTO `t_news_info` VALUES (437, '@所有人，这27个食品安全常识你必须知道！', '食品安全是大事！误食野生蘑菇怎么办…', '50090376992', '1722620931000', '6711501982340743694', 'toutiao');
INSERT INTO `t_news_info` VALUES (438, '@所有人，这27个食品安全常识你必须知道', '快跟小编一起来看看吧↓↓在食品安全问题上我们还需做好预防工作以下10点小知识需铭记于心↓↓↓来源：人民日报发布单位：中国工商出版社数字出版部注重交流执法经验关注消费维权动态同护市场公平正义共观市场经济大潮权威●专业半月沙龙微信①复制“微信号或ID”。', '75045961533', '1722620931000', '6710759301129961996', 'toutiao');
INSERT INTO `t_news_info` VALUES (439, '关于炭疽，这些“真”知识你需要了解', '8月以来，炭疽疫情引发一些地区人们的警觉与关注。一起来了解其中的“真”知识。炭疽和炭疽病两个名词不能混用，二者概念不同。', '5806115967', '1722621456000', '6999524017703289357', 'toutiao');
INSERT INTO `t_news_info` VALUES (440, '一图了解炭疽到底是什么', '近期，我国山西、北京和内蒙古等地区相继报告了人间炭疽疫情。感染后主要表现为皮肤坏死、溃疡、焦痂等症状，严重时可引发败血症。戳图了解。', '5806115967', '1722621456000', '7002792831337267743', 'toutiao');
INSERT INTO `t_news_info` VALUES (441, '什么是炭疽病？通过哪些渠道传播？如何有效防控？权威解答来了', '近期，黑龙江桦南县一种畜场发生一起羊炭疽疫情、内蒙古通辽市科尔沁区胜利村发生一起牛炭疽疫情。15日，农业农村部兽医局负责人表示，目前，黑龙江桦南县羊炭疽疫情已得到有效控制。', '4492956276', '1722621456000', '6590111542870540814', 'toutiao');
INSERT INTO `t_news_info` VALUES (442, '炭疽不好治？怎么防治炭疽病呢？这几点要注意好，不然容易乱花钱', '许多人都对炭疽病比较头疼，而且对病害的基础知识也是比较欠缺，在得病了以后乱治瞎治，那么这里就给大家介绍一下炭疽病。', '77337927706', '1722621456000', '6813992194018378248', 'toutiao');
INSERT INTO `t_news_info` VALUES (443, '什么是炭疽病? 致死率有多高？为什么大家闻之色变', '', '68717144415', '1722621456000', '6995886576362324492', 'toutiao');
INSERT INTO `t_news_info` VALUES (444, '高温又多雨，炭疽病高发！专家教你高效用药', '上期为大家介绍了排名第五的柑橘溃疡病6月天气高温又多湿，柑橘上出现斑点、突起、黄晕!春天天气温暖，雨水充沛，湿润的空气围绕在叶片、 枝梢、在花瓣四周，炭疽病在这时开始复苏。', '109997353261', '1722621456000', '6831875750761595404', 'toutiao');
INSERT INTO `t_news_info` VALUES (445, '90%的农户不知道，防治炭疽病正确方法', '西瓜炭疽病在整个生长期内均可发生，造成落叶枯死，果实腐烂。在幼苗发病时，子叶上出现圆形褐色病斑，发展到幼茎基部变为黑褐色，且缢缩，甚至倒折发病田块损失10%～30%，重的田块损失在60%以上，严重时能导致绝收。', '58710576628', '1722621456000', '7091195668928135720', 'toutiao');
INSERT INTO `t_news_info` VALUES (446, '这几个最新优秀的配方，让炭疽病不再难治', '西瓜炭疽病是西瓜生产上的主要病害之一，全国各地均有发生，该病容易产生抗药性，今天给大家推荐几个优秀的配方。', '6191608595', '1722621456000', '6633006671780119053', 'toutiao');
INSERT INTO `t_news_info` VALUES (447, '多地出现炭疽病例！会人传人吗？如何预防？', '今年8月以来，全国多地出现炭疽确诊病例，炭疽病例的频繁确诊引起了社会的广泛关注。感染炭疽病毒有什么症状?', '5954781019', '1722621456000', '7003555574197682702', 'toutiao');
INSERT INTO `t_news_info` VALUES (448, '警惕炭疽，和新冠同一等级传染病', '近期，国内本土新冠肺炎确诊病例还在增加，但另一种传染病的出现又引起了人们注意——8月9日北京报告1例外地来京就诊肺炭疽病例;', '5757091251', '1722621456000', '6997245623145759263', 'toutiao');
INSERT INTO `t_news_info` VALUES (449, '什么是炭疽（jū）？快转发了解！', '近日，黑龙江通报一起炭疽疫情，部分地市相继出现人感染炭疽散发病例。据了解，炭疽主要发生在牛、羊等食草动物中，人通常通过接触患病动物或动物制品等方式被感染。', '6033731492', '1722621456000', '6588883877584962061', 'toutiao');
INSERT INTO `t_news_info` VALUES (450, '深度解析炭疽病，炭疽病轻松搞定', '植物炭疽病是农作物经常发生的一大病害，可以危害葡萄、柑橘、芒果、苹果、桃、梨、李子、枣、核桃、猕猴桃等大部分果树，以及草莓、辣椒、黄瓜、茄子、西红柿、西瓜、甜瓜、山药、大姜、白菜、花生、茶树、花卉等多数经济作物，分布比较广泛，保护地、露地、大棚发生都较重。', '1173918609834699', '1722621456000', '6798454169234571788', 'toutiao');
INSERT INTO `t_news_info` VALUES (451, '什么是炭疽病？通过哪些渠道传播？如何有效防控？权威解答来了→', '近期，黑龙江桦南县一种畜场发生一起羊炭疽疫情、内蒙古通辽市科尔沁区胜利村发生一起牛炭疽疫情。15日，农业农村部兽医局负责人表示，目前，黑龙江桦南县羊炭疽疫情已得到有效控制。', '3371336083', '1722621456000', '6592137432664113671', 'toutiao');

-- ----------------------------
-- Table structure for t_serch_info
-- ----------------------------
DROP TABLE IF EXISTS `t_serch_info`;
CREATE TABLE `t_serch_info`  (
  `id` int(20) NOT NULL AUTO_INCREMENT,
  `keyword` varchar(255) CHARACTER SET utf8 COLLATE utf8_general_ci NULL DEFAULT NULL,
  `news_id` int(20) NULL DEFAULT NULL,
  `create_time` varchar(100) CHARACTER SET utf8 COLLATE utf8_general_ci NULL DEFAULT NULL,
  PRIMARY KEY (`id`) USING BTREE
) ENGINE = InnoDB AUTO_INCREMENT = 445 CHARACTER SET = utf8 COLLATE = utf8_general_ci ROW_FORMAT = DYNAMIC;

-- ----------------------------
-- Records of t_serch_info
-- ----------------------------
INSERT INTO `t_serch_info` VALUES (394, '朱婷', 401, '1722619689000');
INSERT INTO `t_serch_info` VALUES (395, '朱婷', 402, '1722619689000');
INSERT INTO `t_serch_info` VALUES (396, '朱婷', 403, '1722619689000');
INSERT INTO `t_serch_info` VALUES (397, '朱婷', 404, '1722619689000');
INSERT INTO `t_serch_info` VALUES (398, '朱婷', 405, '1722619689000');
INSERT INTO `t_serch_info` VALUES (399, '朱婷', 406, '1722619689000');
INSERT INTO `t_serch_info` VALUES (400, '朱婷', 407, '1722619689000');
INSERT INTO `t_serch_info` VALUES (401, '朱婷', 408, '1722619689000');
INSERT INTO `t_serch_info` VALUES (402, '朱婷', 409, '1722619774000');
INSERT INTO `t_serch_info` VALUES (403, '朱婷', 410, '1722619774000');
INSERT INTO `t_serch_info` VALUES (404, '朱婷', 411, '1722619774000');
INSERT INTO `t_serch_info` VALUES (405, '朱婷', 412, '1722619774000');
INSERT INTO `t_serch_info` VALUES (406, '朱婷', 413, '1722619774000');
INSERT INTO `t_serch_info` VALUES (407, '朱婷', 414, '1722619774000');
INSERT INTO `t_serch_info` VALUES (408, '朱婷', 415, '1722619774000');
INSERT INTO `t_serch_info` VALUES (409, '朱婷', 416, '1722619774000');
INSERT INTO `t_serch_info` VALUES (410, '朱婷', 417, '1722619774000');
INSERT INTO `t_serch_info` VALUES (411, '朱婷', 418, '1722619774000');
INSERT INTO `t_serch_info` VALUES (412, '朱婷', 419, '1722619774000');
INSERT INTO `t_serch_info` VALUES (413, '食品安全', 420, '1722620931000');
INSERT INTO `t_serch_info` VALUES (414, '食品安全', 421, '1722620931000');
INSERT INTO `t_serch_info` VALUES (415, '食品安全', 422, '1722620931000');
INSERT INTO `t_serch_info` VALUES (416, '食品安全', 423, '1722620931000');
INSERT INTO `t_serch_info` VALUES (417, '食品安全', 424, '1722620931000');
INSERT INTO `t_serch_info` VALUES (418, '食品安全', 425, '1722620931000');
INSERT INTO `t_serch_info` VALUES (419, '食品安全', 426, '1722620931000');
INSERT INTO `t_serch_info` VALUES (420, '食品安全', 427, '1722620931000');
INSERT INTO `t_serch_info` VALUES (421, '食品安全', 428, '1722620931000');
INSERT INTO `t_serch_info` VALUES (422, '食品安全', 429, '1722620931000');
INSERT INTO `t_serch_info` VALUES (423, '食品安全', 430, '1722620931000');
INSERT INTO `t_serch_info` VALUES (424, '食品安全', 431, '1722620931000');
INSERT INTO `t_serch_info` VALUES (425, '食品安全', 432, '1722620931000');
INSERT INTO `t_serch_info` VALUES (426, '食品安全', 433, '1722620931000');
INSERT INTO `t_serch_info` VALUES (427, '食品安全', 434, '1722620931000');
INSERT INTO `t_serch_info` VALUES (428, '食品安全', 435, '1722620931000');
INSERT INTO `t_serch_info` VALUES (429, '食品安全', 436, '1722620931000');
INSERT INTO `t_serch_info` VALUES (430, '食品安全', 437, '1722620931000');
INSERT INTO `t_serch_info` VALUES (431, '食品安全', 438, '1722620931000');
INSERT INTO `t_serch_info` VALUES (432, '炭蛆病', 439, '1722621456000');
INSERT INTO `t_serch_info` VALUES (433, '炭蛆病', 440, '1722621456000');
INSERT INTO `t_serch_info` VALUES (434, '炭蛆病', 441, '1722621456000');
INSERT INTO `t_serch_info` VALUES (435, '炭蛆病', 442, '1722621456000');
INSERT INTO `t_serch_info` VALUES (436, '炭蛆病', 443, '1722621456000');
INSERT INTO `t_serch_info` VALUES (437, '炭蛆病', 444, '1722621456000');
INSERT INTO `t_serch_info` VALUES (438, '炭蛆病', 445, '1722621456000');
INSERT INTO `t_serch_info` VALUES (439, '炭蛆病', 446, '1722621456000');
INSERT INTO `t_serch_info` VALUES (440, '炭蛆病', 447, '1722621456000');
INSERT INTO `t_serch_info` VALUES (441, '炭蛆病', 448, '1722621456000');
INSERT INTO `t_serch_info` VALUES (442, '炭蛆病', 449, '1722621456000');
INSERT INTO `t_serch_info` VALUES (443, '炭蛆病', 450, '1722621456000');
INSERT INTO `t_serch_info` VALUES (444, '炭蛆病', 451, '1722621456000');

SET FOREIGN_KEY_CHECKS = 1;
